Fund Holdings as of,"28/Sep/2018"
 
Issuer Ticker,Name,Asset Class,Weight (%),Price,Nominal,Market Value,Notional Value,Sector,ISIN,Exchange,Country,Market Currency
"AAPL","APPLE INC","Equity","4.21","225.74","6,036,972.00","1,362,786,059.28","1,362,786,059.28","Information Technology","US0378331005","NASDAQ","United States","USD"
"MSFT","MICROSOFT CORP","Equity","3.56","114.37","10,089,029.00","1,153,882,246.73","1,153,882,246.73","Information Technology","US5949181045","NASDAQ","United States","USD"
"AMZN","AMAZON COM INC","Equity","3.33","2,003.00","539,043.00","1,079,703,129.00","1,079,703,129.00","Consumer Discretionary","US0231351067","NASDAQ","United States","USD"
"BRKB","BERKSHIRE HATHAWAY INC CLASS B","Equity","1.70","214.11","2,564,855.00","549,161,104.05","549,161,104.05","Financials","US0846707026","New York Stock Exchange Inc.","United States","USD"
"FB","FACEBOOK CLASS A INC","Equity","1.61","164.46","3,173,035.00","521,837,336.10","521,837,336.10","Information Technology","US30303M1027","NASDAQ","United States","USD"
"JPM","JPMORGAN CHASE & CO","Equity","1.54","112.84","4,421,894.00","498,966,518.96","498,966,518.96","Financials","US46625H1005","New York Stock Exchange Inc.","United States","USD"
"JNJ","JOHNSON & JOHNSON","Equity","1.51","138.17","3,529,688.00","487,696,990.96","487,696,990.96","Health Care","US4781601046","New York Stock Exchange Inc.","United States","USD"
"GOOG","ALPHABET INC CLASS C","Equity","1.49","1,193.47","405,100.00","483,474,697.00","483,474,697.00","Information Technology","US02079K1079","NASDAQ","United States","USD"
"GOOGL","ALPHABET INC CLASS A","Equity","1.47","1,207.08","393,279.00","474,719,215.32","474,719,215.32","Information Technology","US02079K3059","NASDAQ","United States","USD"
"XOM","EXXON MOBIL CORP","Equity","1.46","85.02","5,570,402.00","473,595,578.04","473,595,578.04","Energy","US30231G1022","New York Stock Exchange Inc.","United States","USD"
"BAC","BANK OF AMERICA CORP","Equity","1.11","29.46","12,221,579.00","360,047,717.34","360,047,717.34","Financials","US0605051046","New York Stock Exchange Inc.","United States","USD"
"V","VISA INC CLASS A","Equity","1.08","150.09","2,337,540.00","350,841,378.60","350,841,378.60","Information Technology","US92826C8394","New York Stock Exchange Inc.","United States","USD"
"PFE","PFIZER INC","Equity","1.05","44.07","7,712,746.00","339,900,716.22","339,900,716.22","Health Care","US7170811035","New York Stock Exchange Inc.","United States","USD"
"UNH","UNITEDHEALTH GROUP INC","Equity","1.04","266.04","1,266,318.00","336,891,240.72","336,891,240.72","Health Care","US91324P1021","New York Stock Exchange Inc.","United States","USD"
"T","AT&T INC","Equity","0.99","33.58","9,554,571.00","320,842,494.18","320,842,494.18","Telecommunications","US00206R1023","New York Stock Exchange Inc.","United States","USD"
"HD","HOME DEPOT INC","Equity","0.96","207.15","1,504,893.00","311,738,584.95","311,738,584.95","Consumer Discretionary","US4370761029","New York Stock Exchange Inc.","United States","USD"
"CVX","CHEVRON CORP","Equity","0.95","122.28","2,521,064.00","308,275,705.92","308,275,705.92","Energy","US1667641005","New York Stock Exchange Inc.","United States","USD"
"WFC","WELLS FARGO","Equity","0.93","52.56","5,702,910.00","299,744,949.60","299,744,949.60","Financials","US9497461015","New York Stock Exchange Inc.","United States","USD"
"CSCO","CISCO SYSTEMS INC","Equity","0.90","48.65","6,014,479.00","292,604,403.35","292,604,403.35","Information Technology","US17275R1023","NASDAQ","United States","USD"
"VZ","VERIZON COMMUNICATIONS INC","Equity","0.90","53.39","5,436,362.00","290,247,367.18","290,247,367.18","Telecommunications","US92343V1044","New York Stock Exchange Inc.","United States","USD"
"INTC","INTEL CORPORATION","Equity","0.89","47.29","6,066,664.00","286,892,540.56","286,892,540.56","Information Technology","US4581401001","NASDAQ","United States","USD"
"PG","PROCTER & GAMBLE","Equity","0.84","83.23","3,274,972.00","272,575,919.56","272,575,919.56","Consumer Staples","US7427181091","New York Stock Exchange Inc.","United States","USD"
"MA","MASTERCARD INC CLASS A","Equity","0.82","222.61","1,200,308.00","267,200,563.88","267,200,563.88","Information Technology","US57636Q1040","New York Stock Exchange Inc.","United States","USD"
"BA","BOEING","Equity","0.81","371.90","702,966.00","261,433,055.40","261,433,055.40","Industrials","US0970231058","New York Stock Exchange Inc.","United States","USD"
"MRK","MERCK & CO INC","Equity","0.77","70.94","3,499,121.00","248,227,643.74","248,227,643.74","Health Care","US58933Y1055","New York Stock Exchange Inc.","United States","USD"
"C","CITIGROUP INC","Equity","0.73","71.74","3,311,083.00","237,537,094.42","237,537,094.42","Financials","US1729674242","New York Stock Exchange Inc.","United States","USD"
"KO","COCA-COLA","Equity","0.72","46.19","5,035,993.00","232,612,516.67","232,612,516.67","Consumer Staples","US1912161007","New York Stock Exchange Inc.","United States","USD"
"DIS","WALT DISNEY","Equity","0.71","116.94","1,956,754.00","228,822,812.76","228,822,812.76","Consumer Discretionary","US2546871060","New York Stock Exchange Inc.","United States","USD"
"NVDA","NVIDIA CORP","Equity","0.69","281.02","799,941.00","224,799,419.82","224,799,419.82","Information Technology","US67066G1040","NASDAQ","United States","USD"
"NFLX","NETFLIX INC","Equity","0.66","374.13","572,926.00","214,348,804.38","214,348,804.38","Consumer Discretionary","US64110L1061","NASDAQ","United States","USD"
"CMCSA","COMCAST CORP CLASS A","Equity","0.66","35.41","6,015,996.00","213,026,418.36","213,026,418.36","Consumer Discretionary","US20030N1019","NASDAQ","United States","USD"
"PEP","PEPSICO INC","Equity","0.64","111.80","1,860,812.00","208,038,781.60","208,038,781.60","Consumer Staples","US7134481081","NASDAQ","United States","USD"
"DWDP","DOWDUPONT INC","Equity","0.60","64.31","3,035,805.00","195,232,619.55","195,232,619.55","Materials","US26078J1007","New York Stock Exchange Inc.","United States","USD"
"ORCL","ORACLE CORP","Equity","0.59","51.56","3,718,966.00","191,749,886.96","191,749,886.96","Information Technology","US68389X1054","New York Stock Exchange Inc.","United States","USD"
"ABBV","ABBVIE INC","Equity","0.58","94.58","1,992,319.00","188,433,531.02","188,433,531.02","Health Care","US00287Y1091","New York Stock Exchange Inc.","United States","USD"
"IBM","INTERNATIONAL BUSINESS MACHINES CO","Equity","0.56","151.21","1,200,924.00","181,591,718.04","181,591,718.04","Information Technology","US4592001014","New York Stock Exchange Inc.","United States","USD"
"WMT","WALMART INC","Equity","0.55","93.91","1,887,504.00","177,255,500.64","177,255,500.64","Consumer Staples","US9311421039","New York Stock Exchange Inc.","United States","USD"
"AMGN","AMGEN INC","Equity","0.54","207.29","851,609.00","176,530,029.61","176,530,029.61","Health Care","US0311621009","NASDAQ","United States","USD"
"MDT","MEDTRONIC PLC","Equity","0.54","98.37","1,776,859.00","174,789,619.83","174,789,619.83","Health Care","IE00BTN1Y115","New York Stock Exchange Inc.","United States","USD"
"ADBE","ADOBE SYSTEM INC","Equity","0.54","269.95","644,246.00","173,914,207.70","173,914,207.70","Information Technology","US00724F1012","NASDAQ","United States","USD"
"MCD","MCDONALDS CORP","Equity","0.53","167.29","1,020,712.00","170,754,910.48","170,754,910.48","Consumer Discretionary","US5801351017","New York Stock Exchange Inc.","United States","USD"
"ABT","ABBOTT LABORATORIES","Equity","0.52","73.36","2,308,145.00","169,325,517.20","169,325,517.20","Health Care","US0028241000","New York Stock Exchange Inc.","United States","USD"
"PM","PHILIP MORRIS INTERNATIONAL INC","Equity","0.51","81.54","2,045,257.00","166,770,255.78","166,770,255.78","Consumer Staples","US7181721090","New York Stock Exchange Inc.","United States","USD"
"MMM","3M","Equity","0.50","210.71","771,803.00","162,626,610.13","162,626,610.13","Industrials","US88579Y1010","New York Stock Exchange Inc.","United States","USD"
"HON","HONEYWELL INTERNATIONAL INC","Equity","0.50","164.55","977,050.00","160,773,577.50","160,773,577.50","Industrials","US4385161066","New York Stock Exchange Inc.","United States","USD"
"UNP","UNION PACIFIC CORP","Equity","0.49","162.83","972,948.00","158,425,122.84","158,425,122.84","Industrials","US9078181081","New York Stock Exchange Inc.","United States","USD"
"CRM","SALESFORCE.COM INC","Equity","0.49","159.03","995,586.00","158,328,041.58","158,328,041.58","Information Technology","US79466L3024","New York Stock Exchange Inc.","United States","USD"
"MO","ALTRIA GROUP INC","Equity","0.46","60.31","2,480,313.00","149,587,677.03","149,587,677.03","Consumer Staples","US02209S1033","New York Stock Exchange Inc.","United States","USD"
"ACN","ACCENTURE PLC CLASS A","Equity","0.44","170.20","843,031.00","143,483,876.20","143,483,876.20","Information Technology","IE00B4BNMY34","New York Stock Exchange Inc.","United States","USD"
"NKE","NIKE INC CLASS B","Equity","0.44","84.72","1,684,733.00","142,730,579.76","142,730,579.76","Consumer Discretionary","US6541061031","New York Stock Exchange Inc.","United States","USD"
"AVGO","BROADCOM INC","Equity","0.43","246.73","567,958.00","140,132,277.34","140,132,277.34","Information Technology","US11135F1012","NASDAQ","United States","USD"
"UTX","UNITED TECHNOLOGIES CORP","Equity","0.43","139.81","989,519.00","138,344,651.39","138,344,651.39","Industrials","US9130171096","New York Stock Exchange Inc.","United States","USD"
"TXN","TEXAS INSTRUMENT INC","Equity","0.42","107.29","1,277,220.00","137,032,933.80","137,032,933.80","Information Technology","US8825081040","NASDAQ","United States","USD"
"PYPL","PAYPAL HOLDINGS INC","Equity","0.42","87.84","1,557,352.00","136,797,799.68","136,797,799.68","Information Technology","US70450Y1038","NASDAQ","United States","USD"
"COST","COSTCO WHOLESALE CORP","Equity","0.42","234.88","576,985.00","135,522,236.80","135,522,236.80","Consumer Staples","US22160K1051","NASDAQ","United States","USD"
"LLY","ELI LILLY","Equity","0.42","107.31","1,257,603.00","134,953,377.93","134,953,377.93","Health Care","US5324571083","New York Stock Exchange Inc.","United States","USD"
"BMY","BRISTOL MYERS SQUIBB","Equity","0.41","62.08","2,147,050.00","133,288,864.00","133,288,864.00","Health Care","US1101221083","New York Stock Exchange Inc.","United States","USD"
"QCOM","QUALCOMM INC","Equity","0.41","72.03","1,850,414.00","133,285,320.42","133,285,320.42","Information Technology","US7475251036","NASDAQ","United States","USD"
"GILD","GILEAD SCIENCES INC","Equity","0.41","77.21","1,705,585.00","131,688,217.85","131,688,217.85","Health Care","US3755581036","NASDAQ","United States","USD"
"TMO","THERMO FISHER SCIENTIFIC INC","Equity","0.40","244.08","529,956.00","129,351,660.48","129,351,660.48","Health Care","US8835561023","New York Stock Exchange Inc.","United States","USD"
"GE","GENERAL ELECTRIC","Equity","0.40","11.29","11,434,802.00","129,098,914.58","129,098,914.58","Industrials","US3696041033","New York Stock Exchange Inc.","United States","USD"
"BKNG","BOOKING HOLDINGS INC","Equity","0.38","1,984.00","62,461.00","123,922,624.00","123,922,624.00","Consumer Discretionary","US09857L1089","NASDAQ","United States","USD"
"LOW","LOWES COMPANIES INC","Equity","0.38","114.82","1,067,031.00","122,516,499.42","122,516,499.42","Consumer Discretionary","US5486611073","New York Stock Exchange Inc.","United States","USD"
"CAT","CATERPILLAR INC","Equity","0.37","152.49","782,208.00","119,278,897.92","119,278,897.92","Industrials","US1491231015","New York Stock Exchange Inc.","United States","USD"
"COP","CONOCOPHILLIPS","Equity","0.36","77.40","1,526,602.00","118,158,994.80","118,158,994.80","Energy","US20825C1045","New York Stock Exchange Inc.","United States","USD"
"LMT","LOCKHEED MARTIN CORP","Equity","0.35","345.96","325,973.00","112,773,619.08","112,773,619.08","Industrials","US5398301094","New York Stock Exchange Inc.","United States","USD"
"SLB","SCHLUMBERGER NV","Equity","0.34","60.92","1,821,079.00","110,940,132.68","110,940,132.68","Energy","AN8068571086","New York Stock Exchange Inc.","United States","USD"
"UPS","UNITED PARCEL SERVICE INC CLASS B","Equity","0.33","116.75","912,290.00","106,509,857.50","106,509,857.50","Industrials","US9113121068","New York Stock Exchange Inc.","United States","USD"
"USB","US BANCORP","Equity","0.33","52.81","2,014,725.00","106,397,627.25","106,397,627.25","Financials","US9029733048","New York Stock Exchange Inc.","United States","USD"
"CVS","CVS HEALTH CORP","Equity","0.33","78.72","1,339,459.00","105,442,212.48","105,442,212.48","Health Care","US1266501006","New York Stock Exchange Inc.","United States","USD"
"NEE","NEXTERA ENERGY INC","Equity","0.32","167.60","620,489.00","103,993,956.40","103,993,956.40","Utilities","US65339F1012","New York Stock Exchange Inc.","United States","USD"
"GS","GOLDMAN SACHS GROUP INC","Equity","0.32","224.24","461,975.00","103,593,274.00","103,593,274.00","Financials","US38141G1040","New York Stock Exchange Inc.","United States","USD"
"SBUX","STARBUCKS CORP","Equity","0.31","56.84","1,775,006.00","100,891,341.04","100,891,341.04","Consumer Discretionary","US8552441094","NASDAQ","United States","USD"
"AXP","AMERICAN EXPRESS","Equity","0.31","106.49","930,933.00","99,135,055.17","99,135,055.17","Financials","US0258161092","New York Stock Exchange Inc.","United States","USD"
"EOG","EOG RESOURCES INC","Equity","0.30","127.57","762,052.00","97,214,973.64","97,214,973.64","Energy","US26875P1012","New York Stock Exchange Inc.","United States","USD"
"BIIB","BIOGEN INC INC","Equity","0.29","353.31","265,037.00","93,640,222.47","93,640,222.47","Health Care","US09062X1037","NASDAQ","United States","USD"
"ANTM","ANTHEM INC","Equity","0.29","274.05","341,509.00","93,590,541.45","93,590,541.45","Health Care","US0367521038","New York Stock Exchange Inc.","United States","USD"
"TJX","TJX INC","Equity","0.29","112.02","825,038.00","92,420,756.76","92,420,756.76","Consumer Discretionary","US8725401090","New York Stock Exchange Inc.","United States","USD"
"BDX","BECTON DICKINSON","Equity","0.28","261.00","352,032.00","91,880,352.00","91,880,352.00","Health Care","US0758871091","New York Stock Exchange Inc.","United States","USD"
"DHR","DANAHER CORP","Equity","0.27","108.66","810,181.00","88,034,267.46","88,034,267.46","Health Care","US2358511028","New York Stock Exchange Inc.","United States","USD"
"AET","AETNA INC","Equity","0.27","202.85","430,362.00","87,298,931.70","87,298,931.70","Health Care","US00817Y1082","New York Stock Exchange Inc.","United States","USD"
"ADP","AUTOMATIC DATA PROCESSING INC","Equity","0.27","150.66","576,953.00","86,923,738.98","86,923,738.98","Information Technology","US0530151036","NASDAQ","United States","USD"
"ISRG","INTUITIVE SURGICAL INC","Equity","0.27","574.00","149,659.00","85,904,266.00","85,904,266.00","Health Care","US46120E6023","NASDAQ","United States","USD"
"AMT","AMERICAN TOWER REIT CORP","Equity","0.26","145.30","580,004.00","84,274,581.20","84,274,581.20","Real Estate","US03027X1000","New York Stock Exchange Inc.","United States","USD"
"ATVI","ACTIVISION BLIZZARD INC","Equity","0.26","83.19","1,003,100.00","83,447,889.00","83,447,889.00","Information Technology","US00507V1098","NASDAQ","United States","USD"
"PNC","PNC FINANCIAL SERVICES GROUP INC","Equity","0.26","136.19","612,527.00","83,420,052.13","83,420,052.13","Financials","US6934751057","New York Stock Exchange Inc.","United States","USD"
"CELG","CELGENE CORP","Equity","0.26","89.49","925,925.00","82,861,028.25","82,861,028.25","Health Care","US1510201049","NASDAQ","United States","USD"
"MDLZ","MONDELEZ INTERNATIONAL INC CLASS A","Equity","0.26","42.96","1,924,708.00","82,685,455.68","82,685,455.68","Consumer Staples","US6092071058","NASDAQ","United States","USD"
"OXY","OCCIDENTAL PETROLEUM CORP","Equity","0.26","82.17","1,006,137.00","82,674,277.29","82,674,277.29","Energy","US6745991058","New York Stock Exchange Inc.","United States","USD"
"CB","CHUBB LTD","Equity","0.25","133.64","610,035.00","81,525,077.40","81,525,077.40","Financials","CH0044328745","New York Stock Exchange Inc.","United States","USD"
"MS","MORGAN STANLEY","Equity","0.25","46.57","1,744,664.00","81,249,002.48","81,249,002.48","Financials","US6174464486","New York Stock Exchange Inc.","United States","USD"
"WBA","WALGREEN BOOTS ALLIANCE INC","Equity","0.25","72.90","1,112,762.00","81,120,349.80","81,120,349.80","Consumer Staples","US9314271084","NASDAQ","United States","USD"
"AGN","ALLERGAN","Equity","0.25","190.48","419,809.00","79,965,218.32","79,965,218.32","Health Care","IE00BY9D5467","New York Stock Exchange Inc.","United States","USD"
"CSX","CSX CORP","Equity","0.25","74.05","1,073,436.00","79,487,935.80","79,487,935.80","Industrials","US1264081035","NASDAQ","United States","USD"
"SCHW","CHARLES SCHWAB CORP","Equity","0.24","49.15","1,582,049.00","77,757,708.35","77,757,708.35","Financials","US8085131055","New York Stock Exchange Inc.","United States","USD"
"RTN","RAYTHEON","Equity","0.24","206.66","374,748.00","77,445,421.68","77,445,421.68","Industrials","US7551115071","New York Stock Exchange Inc.","United States","USD"
"INTU","INTUIT INC","Equity","0.24","227.40","340,337.00","77,392,633.80","77,392,633.80","Information Technology","US4612021034","NASDAQ","United States","USD"
"FDX","FEDEX CORP","Equity","0.24","240.79","320,761.00","77,236,041.19","77,236,041.19","Industrials","US31428X1063","New York Stock Exchange Inc.","United States","USD"
"CHTR","CHARTER COMMUNICATIONS INC CLASS A","Equity","0.24","325.88","234,895.00","76,547,582.60","76,547,582.60","Consumer Discretionary","US16119P1084","NASDAQ","United States","USD"
"CL","COLGATE-PALMOLIVE","Equity","0.24","66.95","1,142,909.00","76,517,757.55","76,517,757.55","Consumer Staples","US1941621039","New York Stock Exchange Inc.","United States","USD"
"CME","CME GROUP INC CLASS A","Equity","0.24","170.21","448,113.00","76,273,313.73","76,273,313.73","Financials","US12572Q1058","NASDAQ","United States","USD"
"BLK","BLACKROCK INC","Equity","0.23","471.33","161,423.00","76,083,502.59","76,083,502.59","Financials","US09247X1019","New York Stock Exchange Inc.","United States","USD"
"GD","GENERAL DYNAMICS CORP","Equity","0.23","204.72","366,425.00","75,014,526.00","75,014,526.00","Industrials","US3695501086","New York Stock Exchange Inc.","United States","USD"
"DUK","DUKE ENERGY CORP","Equity","0.23","80.02","937,240.00","74,997,944.80","74,997,944.80","Utilities","US26441C2044","New York Stock Exchange Inc.","United States","USD"
"NOC","NORTHROP GRUMMAN CORP","Equity","0.22","317.37","229,092.00","72,706,928.04","72,706,928.04","Industrials","US6668071029","New York Stock Exchange Inc.","United States","USD"
"SYK","STRYKER CORP","Equity","0.22","177.68","408,404.00","72,565,222.72","72,565,222.72","Health Care","US8636671013","New York Stock Exchange Inc.","United States","USD"
"SPG","SIMON PROPERTY GROUP REIT INC","Equity","0.22","176.75","406,202.00","71,796,203.50","71,796,203.50","Real Estate","US8288061091","New York Stock Exchange Inc.","United States","USD"
"ILMN","ILLUMINA INC","Equity","0.22","367.06","193,405.00","70,991,239.30","70,991,239.30","Health Care","US4523271090","NASDAQ","United States","USD"
"MPC","MARATHON PETROLEUM CORP","Equity","0.22","79.97","881,111.00","70,462,446.67","70,462,446.67","Energy","US56585A1025","New York Stock Exchange Inc.","United States","USD"
"ESRX","EXPRESS SCRIPTS HOLDING","Equity","0.22","95.01","739,722.00","70,280,987.22","70,280,987.22","Health Care","US30219G1085","NASDAQ","United States","USD"
"BSX","BOSTON SCIENTIFIC CORP","Equity","0.22","38.50","1,819,504.00","70,050,904.00","70,050,904.00","Health Care","US1011371077","New York Stock Exchange Inc.","United States","USD"
"MU","MICRON TECHNOLOGY INC","Equity","0.21","45.23","1,525,956.00","69,018,989.88","69,018,989.88","Information Technology","US5951121038","NASDAQ","United States","USD"
"CI","CIGNA CORP","Equity","0.21","208.25","320,193.00","66,680,192.25","66,680,192.25","Health Care","US1255091092","New York Stock Exchange Inc.","United States","USD"
"NSC","NORFOLK SOUTHERN CORP","Equity","0.21","180.50","368,679.00","66,546,559.50","66,546,559.50","Industrials","US6558441084","New York Stock Exchange Inc.","United States","USD"
"VRTX","VERTEX PHARMACEUTICALS INC","Equity","0.20","192.74","336,241.00","64,807,090.34","64,807,090.34","Health Care","US92532F1003","NASDAQ","United States","USD"
"SPGI","S&P GLOBAL INC","Equity","0.20","195.39","330,894.00","64,653,378.66","64,653,378.66","Financials","US78409V1044","New York Stock Exchange Inc.","United States","USD"
"FOXA","TWENTY FIRST CENTURY FOX INC CLASS","Equity","0.20","46.33","1,386,814.00","64,251,092.62","64,251,092.62","Consumer Discretionary","US90130A1016","NASDAQ","United States","USD"
"VLO","VALERO ENERGY CORP","Equity","0.20","113.75","561,996.00","63,927,045.00","63,927,045.00","Energy","US91913Y1001","New York Stock Exchange Inc.","United States","USD"
"DE","DEERE","Equity","0.20","150.33","423,154.00","63,612,740.82","63,612,740.82","Industrials","US2441991054","New York Stock Exchange Inc.","United States","USD"
"PSX","PHILLIPS","Equity","0.20","112.72","561,960.00","63,344,131.20","63,344,131.20","Energy","US7185461040","New York Stock Exchange Inc.","United States","USD"
"EMR","EMERSON ELECTRIC","Equity","0.20","76.58","826,869.00","63,321,628.02","63,321,628.02","Industrials","US2910111044","New York Stock Exchange Inc.","United States","USD"
"AIG","AMERICAN INTERNATIONAL GROUP INC","Equity","0.19","53.24","1,171,368.00","62,363,632.32","62,363,632.32","Financials","US0268747849","New York Stock Exchange Inc.","United States","USD"
"BK","BANK OF NEW YORK MELLON CORP","Equity","0.19","50.99","1,210,372.00","61,716,868.28","61,716,868.28","Financials","US0640581007","New York Stock Exchange Inc.","United States","USD"
"HUM","HUMANA INC","Equity","0.19","338.52","181,256.00","61,358,781.12","61,358,781.12","Health Care","US4448591028","New York Stock Exchange Inc.","United States","USD"
"TGT","TARGET CORP","Equity","0.19","88.21","694,915.00","61,298,452.15","61,298,452.15","Consumer Discretionary","US87612E1064","New York Stock Exchange Inc.","United States","USD"
"MET","METLIFE INC","Equity","0.19","46.72","1,308,905.00","61,152,041.60","61,152,041.60","Financials","US59156R1086","New York Stock Exchange Inc.","United States","USD"
"PX","PRAXAIR INC","Equity","0.19","160.73","378,363.00","60,814,284.99","60,814,284.99","Materials","US74005P1049","New York Stock Exchange Inc.","United States","USD"
"CCI","CROWN CASTLE INTERNATIONAL REIT CO","Equity","0.19","111.33","545,799.00","60,763,802.67","60,763,802.67","Real Estate","US22822V1017","New York Stock Exchange Inc.","United States","USD"
"D","DOMINION ENERGY INC","Equity","0.19","70.28","860,154.00","60,451,623.12","60,451,623.12","Utilities","US25746U1097","New York Stock Exchange Inc.","United States","USD"
"COF","CAPITAL ONE FINANCIAL CORP","Equity","0.18","94.93","629,462.00","59,754,827.66","59,754,827.66","Financials","US14040H1059","New York Stock Exchange Inc.","United States","USD"
"CTSH","COGNIZANT TECHNOLOGY SOLUTIONS COR","Equity","0.18","77.15","764,451.00","58,977,394.65","58,977,394.65","Information Technology","US1924461023","NASDAQ","United States","USD"
"SO","SOUTHERN","Equity","0.18","43.60","1,334,292.00","58,175,131.20","58,175,131.20","Utilities","US8425871071","New York Stock Exchange Inc.","United States","USD"
"ZTS","ZOETIS INC CLASS A","Equity","0.18","91.56","634,957.00","58,136,662.92","58,136,662.92","Health Care","US98978V1035","New York Stock Exchange Inc.","United States","USD"
"GM","GENERAL MOTORS","Equity","0.18","33.67","1,726,356.00","58,126,406.52","58,126,406.52","Consumer Discretionary","US37045V1008","New York Stock Exchange Inc.","United States","USD"
"ITW","ILLINOIS TOOL INC","Equity","0.18","141.12","405,925.00","57,284,136.00","57,284,136.00","Industrials","US4523081093","New York Stock Exchange Inc.","United States","USD"
"ICE","INTERCONTINENTAL EXCHANGE INC","Equity","0.17","74.89","756,030.00","56,619,086.70","56,619,086.70","Financials","US45866F1049","New York Stock Exchange Inc.","United States","USD"
"PLD","PROLOGIS REIT INC","Equity","0.17","67.79","828,252.00","56,147,203.08","56,147,203.08","Real Estate","US74340W1036","New York Stock Exchange Inc.","United States","USD"
"EXC","EXELON CORP","Equity","0.17","43.66","1,270,836.00","55,484,699.76","55,484,699.76","Utilities","US30161N1019","New York Stock Exchange Inc.","United States","USD"
"PRU","PRUDENTIAL FINANCIAL INC","Equity","0.17","101.32","547,105.00","55,432,678.60","55,432,678.60","Financials","US7443201022","New York Stock Exchange Inc.","United States","USD"
"MMC","MARSH & MCLENNAN INC","Equity","0.17","82.72","665,653.00","55,062,816.16","55,062,816.16","Financials","US5717481023","New York Stock Exchange Inc.","United States","USD"
"PGR","PROGRESSIVE CORP","Equity","0.17","71.04","767,181.00","54,500,538.24","54,500,538.24","Financials","US7433151039","New York Stock Exchange Inc.","United States","USD"
"HPQ","HP INC","Equity","0.17","25.77","2,081,967.00","53,652,289.59","53,652,289.59","Information Technology","US40434L1052","New York Stock Exchange Inc.","United States","USD"
"ECL","ECOLAB INC","Equity","0.16","156.78","334,495.00","52,442,126.10","52,442,126.10","Materials","US2788651006","New York Stock Exchange Inc.","United States","USD"
"KMB","KIMBERLY CLARK CORP","Equity","0.16","113.64","456,408.00","51,866,205.12","51,866,205.12","Consumer Staples","US4943681035","New York Stock Exchange Inc.","United States","USD"
"BAX","BAXTER INTERNATIONAL INC","Equity","0.16","77.09","653,725.00","50,395,660.25","50,395,660.25","Health Care","US0718131099","New York Stock Exchange Inc.","United States","USD"
"MAR","MARRIOTT INTERNATIONAL INC CLASS A","Equity","0.15","132.03","378,920.00","50,028,807.60","50,028,807.60","Consumer Discretionary","US5719032022","NASDAQ","United States","USD"
"AMAT","APPLIED MATERIAL INC","Equity","0.15","38.65","1,293,314.00","49,986,586.10","49,986,586.10","Information Technology","US0382221051","NASDAQ","United States","USD"
"HCA","HCA HEALTHCARE INC","Equity","0.15","139.12","355,128.00","49,405,407.36","49,405,407.36","Health Care","US40412C1018","New York Stock Exchange Inc.","United States","USD"
"ETN","EATON PLC","Equity","0.15","86.73","569,264.00","49,372,266.72","49,372,266.72","Industrials","IE00B8KQN827","New York Stock Exchange Inc.","United States","USD"
"BBT","BB AND T CORP","Equity","0.15","48.54","1,016,884.00","49,359,549.36","49,359,549.36","Financials","US0549371070","New York Stock Exchange Inc.","United States","USD"
"SHW","SHERWIN WILLIAMS","Equity","0.15","455.21","108,181.00","49,245,073.01","49,245,073.01","Materials","US8243481061","New York Stock Exchange Inc.","United States","USD"
"ROST","ROSS STORES INC","Equity","0.15","99.10","496,430.00","49,196,213.00","49,196,213.00","Consumer Discretionary","US7782961038","NASDAQ","United States","USD"
"AON","AON PLC CLASS A","Equity","0.15","153.78","318,984.00","49,053,359.52","49,053,359.52","Financials","GB00B5BT0K07","New York Stock Exchange Inc.","United States","USD"
"EA","ELECTRONIC ARTS INC","Equity","0.15","120.49","400,382.00","48,242,027.18","48,242,027.18","Information Technology","US2855121099","NASDAQ","United States","USD"
"APD","AIR PRODUCTS AND CHEMICALS INC","Equity","0.15","167.05","288,598.00","48,210,295.90","48,210,295.90","Materials","US0091581068","New York Stock Exchange Inc.","United States","USD"
"EW","EDWARDS LIFESCIENCES CORP","Equity","0.15","174.10","275,832.00","48,022,351.20","48,022,351.20","Health Care","US28176E1082","New York Stock Exchange Inc.","United States","USD"
"DAL","DELTA AIR LINES INC","Equity","0.15","57.83","827,716.00","47,866,816.28","47,866,816.28","Industrials","US2473617023","New York Stock Exchange Inc.","United States","USD"
"USD","USD CASH","Cash","0.15","100.00","47,840,237.00","47,840,237.26","47,840,237.26","Cash and/or Derivatives","-","-","United States","USD"
"AFL","AFLAC INC","Equity","0.15","47.07","1,012,255.00","47,646,842.85","47,646,842.85","Financials","US0010551028","New York Stock Exchange Inc.","United States","USD"
"F","F MOTOR","Equity","0.15","9.25","5,150,768.00","47,644,604.00","47,644,604.00","Consumer Discretionary","US3453708600","New York Stock Exchange Inc.","United States","USD"
"STZ","CONSTELLATION BRANDS INC CLASS A","Equity","0.15","215.62","220,855.00","47,620,755.10","47,620,755.10","Consumer Staples","US21036P1084","New York Stock Exchange Inc.","United States","USD"
"FIS","FIDELITY NATIONAL INFORMATION SERV","Equity","0.15","109.07","431,949.00","47,112,677.43","47,112,677.43","Information Technology","US31620M1062","New York Stock Exchange Inc.","United States","USD"
"HAL","HALLIBURTON","Equity","0.14","40.53","1,157,665.00","46,920,162.45","46,920,162.45","Energy","US4062161017","New York Stock Exchange Inc.","United States","USD"
"WM","WASTE MANAGEMENT INC","Equity","0.14","90.36","518,573.00","46,858,256.28","46,858,256.28","Industrials","US94106L1098","New York Stock Exchange Inc.","United States","USD"
"SYY","SYSCO CORP","Equity","0.14","73.25","629,874.00","46,138,270.50","46,138,270.50","Consumer Staples","US8718291078","New York Stock Exchange Inc.","United States","USD"
"AEP","AMERICAN ELECTRIC POWER INC","Equity","0.14","70.88","648,550.00","45,969,224.00","45,969,224.00","Utilities","US0255371017","New York Stock Exchange Inc.","United States","USD"
"TRV","TRAVELERS COMPANIES INC","Equity","0.14","129.71","352,584.00","45,733,670.64","45,733,670.64","Financials","US89417E1091","New York Stock Exchange Inc.","United States","USD"
"EQIX","EQUINIX REIT INC","Equity","0.14","432.89","104,609.00","45,284,190.01","45,284,190.01","Real Estate","US29444U7000","NASDAQ","United States","USD"
"APC","ANADARKO PETROLEUM CORP","Equity","0.14","67.41","671,806.00","45,286,442.46","45,286,442.46","Energy","US0325111070","New York Stock Exchange Inc.","United States","USD"
"ADI","ANALOG DEVICES INC","Equity","0.14","92.46","489,004.00","45,213,309.84","45,213,309.84","Information Technology","US0326541051","NASDAQ","United States","USD"
"KHC","KRAFT HEINZ","Equity","0.14","55.11","818,119.00","45,086,538.09","45,086,538.09","Consumer Staples","US5007541064","NASDAQ","United States","USD"
"ALL","ALLSTATE CORP","Equity","0.14","98.70","455,537.00","44,961,501.90","44,961,501.90","Financials","US0200021014","New York Stock Exchange Inc.","United States","USD"
"ADSK","AUTODESK INC","Equity","0.14","156.11","286,636.00","44,746,745.96","44,746,745.96","Information Technology","US0527691069","NASDAQ","United States","USD"
"KMI","KINDER MORGAN INC","Equity","0.14","17.73","2,497,022.00","44,272,200.06","44,272,200.06","Energy","US49456B1017","New York Stock Exchange Inc.","United States","USD"
"FISV","FISERV INC","Equity","0.14","82.38","535,928.00","44,149,748.64","44,149,748.64","Information Technology","US3377381088","NASDAQ","United States","USD"
"WMB","WILLIAMS INC","Equity","0.13","27.19","1,591,153.00","43,263,450.07","43,263,450.07","Energy","US9694571004","New York Stock Exchange Inc.","United States","USD"
"LYB","LYONDELLBASELL INDUSTRIES NV CLASS","Equity","0.13","102.51","419,494.00","43,002,329.94","43,002,329.94","Materials","NL0009434992","New York Stock Exchange Inc.","United States","USD"
"EL","ESTEE LAUDER INC CLASS A","Equity","0.13","145.32","295,111.00","42,885,530.52","42,885,530.52","Consumer Staples","US5184391044","New York Stock Exchange Inc.","United States","USD"
"JCI","JOHNSON CONTROLS INTERNATIONAL PLC","Equity","0.13","35.00","1,216,905.00","42,591,675.00","42,591,675.00","Industrials","IE00BY7QL619","New York Stock Exchange Inc.","United States","USD"
"LUV","SOUTHWEST AIRLINES","Equity","0.13","62.45","678,529.00","42,374,136.05","42,374,136.05","Industrials","US8447411088","New York Stock Exchange Inc.","United States","USD"
"STT","STATE STREET CORP","Equity","0.13","83.78","499,192.00","41,822,305.76","41,822,305.76","Financials","US8574771031","New York Stock Exchange Inc.","United States","USD"
"REGN","REGENERON PHARMACEUTICALS INC","Equity","0.13","404.04","101,945.00","41,189,857.80","41,189,857.80","Health Care","US75886F1075","NASDAQ","United States","USD"
"SRE","SEMPRA ENERGY","Equity","0.13","113.75","359,789.00","40,925,998.75","40,925,998.75","Utilities","US8168511090","New York Stock Exchange Inc.","United States","USD"
"ALXN","ALEXION PHARMACEUTICALS INC","Equity","0.13","139.01","293,622.00","40,816,394.22","40,816,394.22","Health Care","US0153511094","NASDAQ","United States","USD"
"EBAY","EBAY INC","Equity","0.12","33.02","1,223,829.00","40,410,833.58","40,410,833.58","Information Technology","US2786421030","NASDAQ","United States","USD"
"STI","SUNTRUST BANKS INC","Equity","0.12","66.79","604,686.00","40,386,977.94","40,386,977.94","Financials","US8679141031","New York Stock Exchange Inc.","United States","USD"
"ROP","ROPER TECHNOLOGIES INC","Equity","0.12","296.21","136,178.00","40,337,285.38","40,337,285.38","Industrials","US7766961061","New York Stock Exchange Inc.","United States","USD"
"CXO","CONCHO RESOURCES INC","Equity","0.12","152.75","263,488.00","40,247,792.00","40,247,792.00","Energy","US20605P1012","New York Stock Exchange Inc.","United States","USD"
"TEL","TE CONNECTIVITY LTD","Equity","0.12","87.93","457,435.00","40,222,259.55","40,222,259.55","Information Technology","CH0102993182","New York Stock Exchange Inc.","United States","USD"
"VFC","VF CORP","Equity","0.12","93.45","427,222.00","39,923,895.90","39,923,895.90","Consumer Discretionary","US9182041080","New York Stock Exchange Inc.","United States","USD"
"PSA","PUBLIC STORAGE REIT","Equity","0.12","201.63","197,151.00","39,751,556.13","39,751,556.13","Real Estate","US74460D1090","New York Stock Exchange Inc.","United States","USD"
"CNC","CENTENE CORP","Equity","0.12","144.78","270,055.00","39,098,562.90","39,098,562.90","Health Care","US15135B1017","New York Stock Exchange Inc.","United States","USD"
"PXD","PIONEER NATURAL RESOURCE","Equity","0.12","174.19","224,265.00","39,064,720.35","39,064,720.35","Energy","US7237871071","New York Stock Exchange Inc.","United States","USD"
"YUM","YUM BRANDS INC","Equity","0.12","90.91","420,168.00","38,197,472.88","38,197,472.88","Consumer Discretionary","US9884981013","New York Stock Exchange Inc.","United States","USD"
"DG","DOLLAR GENERAL CORP","Equity","0.12","109.30","349,358.00","38,184,829.40","38,184,829.40","Consumer Discretionary","US2566771059","New York Stock Exchange Inc.","United States","USD"
"GLW","CORNING INC","Equity","0.12","35.30","1,065,730.00","37,620,269.00","37,620,269.00","Information Technology","US2193501051","New York Stock Exchange Inc.","United States","USD"
"ALGN","ALIGN TECHNOLOGY INC","Equity","0.12","391.22","96,165.00","37,621,671.30","37,621,671.30","Health Care","US0162551016","NASDAQ","United States","USD"
"ORLY","OREILLY AUTOMOTIVE INC","Equity","0.11","347.32","106,821.00","37,101,069.72","37,101,069.72","Consumer Discretionary","US67103H1077","NASDAQ","United States","USD"
"APH","AMPHENOL CORP CLASS A","Equity","0.11","94.02","394,504.00","37,091,266.08","37,091,266.08","Information Technology","US0320951017","New York Stock Exchange Inc.","United States","USD"
"ADM","ARCHER DANIELS MIDLAND","Equity","0.11","50.27","736,441.00","37,020,889.07","37,020,889.07","Consumer Staples","US0394831020","New York Stock Exchange Inc.","United States","USD"
"MCO","MOODYS CORP","Equity","0.11","167.20","219,692.00","36,732,502.40","36,732,502.40","Financials","US6153691059","New York Stock Exchange Inc.","United States","USD"
"OKE","ONEOK INC","Equity","0.11","67.79","541,075.00","36,679,474.25","36,679,474.25","Energy","US6826801036","New York Stock Exchange Inc.","United States","USD"
"ZBH","ZIMMER BIOMET HOLDINGS INC","Equity","0.11","131.47","267,728.00","35,198,200.16","35,198,200.16","Health Care","US98956P1021","New York Stock Exchange Inc.","United States","USD"
"PEG","PUBLIC SERVICE ENTERPRISE GROUP IN","Equity","0.11","52.79","665,486.00","35,131,005.94","35,131,005.94","Utilities","US7445731067","New York Stock Exchange Inc.","United States","USD"
"MCK","MCKESSON CORP","Equity","0.11","132.65","263,664.00","34,975,029.60","34,975,029.60","Health Care","US58155Q1031","New York Stock Exchange Inc.","United States","USD"
"TROW","T ROWE PRICE GROUP INC","Equity","0.11","109.18","319,965.00","34,933,778.70","34,933,778.70","Financials","US74144T1088","NASDAQ","United States","USD"
"AMD","ADVANCED MICRO DEVICES INC","Equity","0.11","30.89","1,128,716.00","34,866,037.24","34,866,037.24","Information Technology","US0079031078","NASDAQ","United States","USD"
"PPG","PPG INDUSTRIES INC","Equity","0.11","109.13","318,424.00","34,749,611.12","34,749,611.12","Materials","US6935061076","New York Stock Exchange Inc.","United States","USD"
"DXC","DXC TECHNOLOGY","Equity","0.11","93.52","370,881.00","34,684,791.12","34,684,791.12","Information Technology","US23355L1061","New York Stock Exchange Inc.","United States","USD"
"DFS","DISCOVER FINANCIAL SERVICES","Equity","0.11","76.45","450,835.00","34,466,335.75","34,466,335.75","Financials","US2547091080","New York Stock Exchange Inc.","United States","USD"
"FTV","FORTIVE CORP","Equity","0.11","84.20","404,672.00","34,073,382.40","34,073,382.40","Industrials","US34959J1088","New York Stock Exchange Inc.","United States","USD"
"CCL","CARNIVAL CORP","Equity","0.10","63.77","529,178.00","33,745,681.06","33,745,681.06","Consumer Discretionary","PA1436583006","New York Stock Exchange Inc.","United States","USD"
"GIS","GENERAL MILLS INC","Equity","0.10","42.92","784,119.00","33,654,387.48","33,654,387.48","Consumer Staples","US3703341046","New York Stock Exchange Inc.","United States","USD"
"IR","INGERSOLL RAND PLC","Equity","0.10","102.30","323,767.00","33,121,364.10","33,121,364.10","Industrials","IE00B6330302","New York Stock Exchange Inc.","United States","USD"
"AVB","AVALONBAY COMMUNITIES REIT INC","Equity","0.10","181.15","181,855.00","32,943,033.25","32,943,033.25","Real Estate","US0534841012","New York Stock Exchange Inc.","United States","USD"
"EQR","EQUITY RESIDENTIAL REIT","Equity","0.10","66.26","485,489.00","32,168,501.14","32,168,501.14","Real Estate","US29476L1070","New York Stock Exchange Inc.","United States","USD"
"WY","WEYERHAEUSER REIT","Equity","0.10","32.27","996,873.00","32,169,091.71","32,169,091.71","Real Estate","US9621661043","New York Stock Exchange Inc.","United States","USD"
"RHT","RED HAT INC","Equity","0.10","136.28","234,103.00","31,903,556.84","31,903,556.84","Information Technology","US7565771026","New York Stock Exchange Inc.","United States","USD"
"PH","PARKER-HANNIFIN CORP","Equity","0.10","183.93","173,303.00","31,875,620.79","31,875,620.79","Industrials","US7010941042","New York Stock Exchange Inc.","United States","USD"
"HLT","HILTON WORLDWIDE HOLDINGS INC","Equity","0.10","80.78","392,322.00","31,691,771.16","31,691,771.16","Consumer Discretionary","US43300A2033","New York Stock Exchange Inc.","United States","USD"
"XEL","XCEL ENERGY INC","Equity","0.10","47.21","670,827.00","31,669,742.67","31,669,742.67","Utilities","US98389B1008","NASDAQ","United States","USD"
"HPE","HEWLETT PACKARD ENTERPRISE","Equity","0.10","16.31","1,936,234.00","31,579,976.54","31,579,976.54","Information Technology","US42824C1099","New York Stock Exchange Inc.","United States","USD"
"WELL","WELLTOWER INC","Equity","0.10","64.32","490,468.00","31,546,901.76","31,546,901.76","Real Estate","US95040Q1040","New York Stock Exchange Inc.","United States","USD"
"LRCX","LAM RESEARCH CORP","Equity","0.10","151.70","207,324.00","31,451,050.80","31,451,050.80","Information Technology","US5128071082","NASDAQ","United States","USD"
"PCAR","PACCAR INC","Equity","0.10","68.19","459,651.00","31,343,601.69","31,343,601.69","Industrials","US6937181088","NASDAQ","United States","USD"
"PCG","PG&E CORP","Equity","0.10","46.01","680,579.00","31,313,439.79","31,313,439.79","Utilities","US69331C1080","New York Stock Exchange Inc.","United States","USD"
"ED","CONSOLIDATED EDISON INC","Equity","0.10","76.19","409,602.00","31,207,576.38","31,207,576.38","Utilities","US2091151041","New York Stock Exchange Inc.","United States","USD"
"MTB","M&T BANK CORP","Equity","0.10","164.54","188,936.00","31,087,529.44","31,087,529.44","Financials","US55261F1049","New York Stock Exchange Inc.","United States","USD"
"PAYX","PAYCHEX INC","Equity","0.10","73.65","421,187.00","31,020,422.55","31,020,422.55","Information Technology","US7043261079","NASDAQ","United States","USD"
"DLR","DIGITAL REALTY TRUST REIT INC TRUS","Equity","0.09","112.48","271,378.00","30,524,597.44","30,524,597.44","Real Estate","US2538681030","New York Stock Exchange Inc.","United States","USD"
"KR","KROGER","Equity","0.09","29.11","1,048,173.00","30,512,316.03","30,512,316.03","Consumer Staples","US5010441013","New York Stock Exchange Inc.","United States","USD"
"MNST","MONSTER BEVERAGE CORP","Equity","0.09","58.28","523,408.00","30,504,218.24","30,504,218.24","Consumer Staples","US61174X1090","NASDAQ","United States","USD"
"ROK","ROCKWELL AUTOMATION INC","Equity","0.09","187.52","162,044.00","30,386,490.88","30,386,490.88","Industrials","US7739031091","New York Stock Exchange Inc.","United States","USD"
"COL","ROCKWELL COLLINS INC","Equity","0.09","140.47","216,253.00","30,377,058.91","30,377,058.91","Industrials","US7743411016","New York Stock Exchange Inc.","United States","USD"
"NTRS","NORTHERN TRUST CORP TRUST","Equity","0.09","102.13","293,769.00","30,002,627.97","30,002,627.97","Financials","US6658591044","NASDAQ","United States","USD"
"SWK","STANLEY BLACK & DECKER INC","Equity","0.09","146.44","200,685.00","29,388,311.40","29,388,311.40","Industrials","US8545021011","New York Stock Exchange Inc.","United States","USD"
"FOX","TWENTY-FIRST CENTURY FOX INC CLASS","Equity","0.09","45.82","640,870.00","29,364,663.40","29,364,663.40","Consumer Discretionary","US90130A2006","NASDAQ","United States","USD"
"A","AGILENT TECHNOLOGIES INC","Equity","0.09","70.39","416,603.00","29,325,101.77","29,325,101.77","Health Care","US00846U1016","New York Stock Exchange Inc.","United States","USD"
"NTAP","NETAPP INC","Equity","0.09","85.89","341,120.00","29,298,796.80","29,298,796.80","Information Technology","US64110D1046","NASDAQ","United States","USD"
"RCL","ROYAL CARIBBEAN CRUISES LTD","Equity","0.09","129.94","225,449.00","29,294,843.06","29,294,843.06","Consumer Discretionary","LR0008862868","New York Stock Exchange Inc.","United States","USD"
"APTV","APTIV PLC","Equity","0.09","83.90","348,312.00","29,223,376.80","29,223,376.80","Consumer Discretionary","JE00B783TY65","New York Stock Exchange Inc.","United States","USD"
"EIX","EDISON INTERNATIONAL","Equity","0.09","67.68","429,953.00","29,099,219.04","29,099,219.04","Utilities","US2810201077","New York Stock Exchange Inc.","United States","USD"
"CMI","CUMMINS INC","Equity","0.09","146.07","197,676.00","28,874,533.32","28,874,533.32","Industrials","US2310211063","New York Stock Exchange Inc.","United States","USD"
"IDXX","IDEXX LABORATORIES INC","Equity","0.09","249.66","114,174.00","28,504,680.84","28,504,680.84","Health Care","US45168D1046","NASDAQ","United States","USD"
"CERN","CERNER CORP","Equity","0.09","64.41","432,870.00","27,881,156.70","27,881,156.70","Health Care","US1567821046","NASDAQ","United States","USD"
"SYF","SYNCHRONY FINANCIAL","Equity","0.09","31.08","896,553.00","27,864,867.24","27,864,867.24","Financials","US87165B1035","New York Stock Exchange Inc.","United States","USD"
"WEC","WEC ENERGY GROUP INC","Equity","0.09","66.76","416,564.00","27,809,812.64","27,809,812.64","Utilities","US92939U1060","New York Stock Exchange Inc.","United States","USD"
"MSI","MOTOROLA SOLUTIONS INC","Equity","0.09","130.14","213,496.00","27,784,369.44","27,784,369.44","Information Technology","US6200763075","New York Stock Exchange Inc.","United States","USD"
"AMP","AMERIPRISE FINANCE INC","Equity","0.09","147.66","186,651.00","27,560,886.66","27,560,886.66","Financials","US03076C1062","New York Stock Exchange Inc.","United States","USD"
"KEY","KEYCORP","Equity","0.09","19.89","1,384,657.00","27,540,827.73","27,540,827.73","Financials","US4932671088","New York Stock Exchange Inc.","United States","USD"
"IQV","IQVIA HOLDINGS INC","Equity","0.08","129.74","212,221.00","27,533,552.54","27,533,552.54","Health Care","US46266C1053","New York Stock Exchange Inc.","United States","USD"
"AZO","AUTOZONE INC","Equity","0.08","775.70","34,865.00","27,044,780.50","27,044,780.50","Consumer Discretionary","US0533321024","New York Stock Exchange Inc.","United States","USD"
"PPL","PPL CORP","Equity","0.08","29.26","921,751.00","26,970,434.26","26,970,434.26","Utilities","US69351T1060","New York Stock Exchange Inc.","United States","USD"
"TWTR","TWITTER INC","Equity","0.08","28.46","947,231.00","26,958,194.26","26,958,194.26","Information Technology","US90184L1026","New York Stock Exchange Inc.","United States","USD"
"RF","REGIONS FINANCIAL CORP","Equity","0.08","18.35","1,463,424.00","26,853,830.40","26,853,830.40","Financials","US7591EP1005","New York Stock Exchange Inc.","United States","USD"
"UAL","UNITED CONTINENTAL HOLDINGS INC","Equity","0.08","89.06","301,278.00","26,831,818.68","26,831,818.68","Industrials","US9100471096","NASDAQ","United States","USD"
"XLNX","XILINX INC","Equity","0.08","80.17","334,305.00","26,801,231.85","26,801,231.85","Information Technology","US9839191015","NASDAQ","United States","USD"
"DVN","DEVON ENERGY CORP","Equity","0.08","39.94","669,428.00","26,736,954.32","26,736,954.32","Energy","US25179M1036","New York Stock Exchange Inc.","United States","USD"
"ABMD","ABIOMED INC","Equity","0.08","449.75","59,045.00","26,555,488.75","26,555,488.75","Health Care","US0036541003","NASDAQ","United States","USD"
"FCX","FREEPORT MCMORAN INC","Equity","0.08","13.92","1,906,437.00","26,537,603.04","26,537,603.04","Materials","US35671D8570","New York Stock Exchange Inc.","United States","USD"
"IP","INTERNATIONAL PAPER","Equity","0.08","49.15","539,561.00","26,519,423.15","26,519,423.15","Materials","US4601461035","New York Stock Exchange Inc.","United States","USD"
"CTL","CENTURYLINK INC","Equity","0.08","21.20","1,250,579.00","26,512,274.80","26,512,274.80","Telecommunications","US1567001060","New York Stock Exchange Inc.","United States","USD"
"FLT","FLEETCOR TECHNOLOGIES INC","Equity","0.08","227.84","116,290.00","26,495,513.60","26,495,513.60","Information Technology","US3390411052","New York Stock Exchange Inc.","United States","USD"
"GPN","GLOBAL PAYMENTS INC","Equity","0.08","127.40","207,295.00","26,409,383.00","26,409,383.00","Information Technology","US37940X1028","New York Stock Exchange Inc.","United States","USD"
"NUE","NUCOR CORP","Equity","0.08","63.45","413,689.00","26,248,567.05","26,248,567.05","Materials","US6703461052","New York Stock Exchange Inc.","United States","USD"
"HRS","HARRIS CORP","Equity","0.08","169.21","155,053.00","26,236,518.13","26,236,518.13","Industrials","US4138751056","New York Stock Exchange Inc.","United States","USD"
"MRO","MARATHON OIL CORP","Equity","0.08","23.28","1,126,403.00","26,222,661.84","26,222,661.84","Energy","US5658491064","New York Stock Exchange Inc.","United States","USD"
"DTE","DTE ENERGY","Equity","0.08","109.13","239,780.00","26,167,191.40","26,167,191.40","Utilities","US2333311072","New York Stock Exchange Inc.","United States","USD"
"VRSK","VERISK ANALYTICS INC","Equity","0.08","120.55","216,702.00","26,123,426.10","26,123,426.10","Industrials","US92345Y1064","NASDAQ","United States","USD"
"ES","EVERSOURCE ENERGY","Equity","0.08","61.44","417,315.00","25,639,833.60","25,639,833.60","Utilities","US30040W1080","New York Stock Exchange Inc.","United States","USD"
"VTR","VENTAS REIT INC","Equity","0.08","54.38","471,117.00","25,619,342.46","25,619,342.46","Real Estate","US92276F1003","New York Stock Exchange Inc.","United States","USD"
"CBS","CBS CORP CLASS B","Equity","0.08","57.45","445,428.00","25,589,838.60","25,589,838.60","Consumer Discretionary","US1248572026","New York Stock Exchange Inc.","United States","USD"
"BBY","BEST BUY INC","Equity","0.08","79.36","320,190.00","25,410,278.40","25,410,278.40","Consumer Discretionary","US0865161014","New York Stock Exchange Inc.","United States","USD"
"CLX","CLOROX","Equity","0.08","150.41","168,869.00","25,399,586.29","25,399,586.29","Consumer Staples","US1890541097","New York Stock Exchange Inc.","United States","USD"
"INFO","IHS MARKIT LTD","Equity","0.08","53.96","469,652.00","25,342,421.92","25,342,421.92","Industrials","BMG475671050","NASDAQ","United States","USD"
"DLTR","DOLLAR TREE INC","Equity","0.08","81.55","310,565.00","25,326,575.75","25,326,575.75","Consumer Discretionary","US2567461080","NASDAQ","United States","USD"
"BXP","BOSTON PROPERTIES REIT INC","Equity","0.08","123.09","203,351.00","25,030,474.59","25,030,474.59","Real Estate","US1011211018","New York Stock Exchange Inc.","United States","USD"
"MYL","MYLAN NV","Equity","0.08","36.60","680,969.00","24,923,465.40","24,923,465.40","Health Care","NL0011031208","NASDAQ","United States","USD"
"MCHP","MICROCHIP TECHNOLOGY INC","Equity","0.08","78.91","311,003.00","24,541,246.73","24,541,246.73","Information Technology","US5950171042","NASDAQ","United States","USD"
"FITB","FIFTH THIRD BANCORP","Equity","0.08","27.92","876,705.00","24,477,603.60","24,477,603.60","Financials","US3167731005","NASDAQ","United States","USD"
"CFG","CITIZENS FINANCIAL GROUP INC","Equity","0.08","38.57","631,552.00","24,358,960.64","24,358,960.64","Financials","US1746101054","New York Stock Exchange Inc.","United States","USD"
"SBAC","SBA COMMUNICATIONS REIT CORP CLASS","Equity","0.08","160.63","151,424.00","24,323,237.12","24,323,237.12","Real Estate","US78410G1040","NASDAQ","United States","USD"
"AME","AMETEK INC","Equity","0.07","79.12","306,610.00","24,258,983.20","24,258,983.20","Industrials","US0311001004","New York Stock Exchange Inc.","United States","USD"
"WLTW","WILLIS TOWERS WATSON PLC","Equity","0.07","140.94","172,076.00","24,252,391.44","24,252,391.44","Financials","IE00BDB6Q211","NASDAQ","United States","USD"
"APA","APACHE CORP","Equity","0.07","47.67","505,658.00","24,104,716.86","24,104,716.86","Energy","US0374111054","New York Stock Exchange Inc.","United States","USD"
"FE","FIRSTENERGY CORP","Equity","0.07","37.17","639,455.00","23,768,542.35","23,768,542.35","Utilities","US3379321074","New York Stock Exchange Inc.","United States","USD"
"HES","HESS CORP","Equity","0.07","71.58","331,213.00","23,708,226.54","23,708,226.54","Energy","US42809H1077","New York Stock Exchange Inc.","United States","USD"
"TDG","TRANSDIGM GROUP INC","Equity","0.07","372.30","63,629.00","23,689,076.70","23,689,076.70","Industrials","US8936411003","New York Stock Exchange Inc.","United States","USD"
"HIG","HARTFORD FINANCIAL SERVICES GROUP","Equity","0.07","49.96","467,879.00","23,375,234.84","23,375,234.84","Financials","US4165151048","New York Stock Exchange Inc.","United States","USD"
"TXT","TEXTRON INC","Equity","0.07","71.47","326,836.00","23,358,968.92","23,358,968.92","Industrials","US8832031012","New York Stock Exchange Inc.","United States","USD"
"K","KELLOGG","Equity","0.07","70.02","332,965.00","23,314,209.30","23,314,209.30","Consumer Staples","US4878361082","New York Stock Exchange Inc.","United States","USD"
"LH","LABORATORY CORPORATION OF AMERICA","Equity","0.07","173.68","133,884.00","23,252,973.12","23,252,973.12","Health Care","US50540R4092","New York Stock Exchange Inc.","United States","USD"
"TSN","TYSON FOODS INC CLASS A","Equity","0.07","59.53","387,413.00","23,062,695.89","23,062,695.89","Consumer Staples","US9024941034","New York Stock Exchange Inc.","United States","USD"
"VRSN","VERISIGN INC","Equity","0.07","160.12","141,160.00","22,602,539.20","22,602,539.20","Information Technology","US92343E1029","NASDAQ","United States","USD"
"CTAS","CINTAS CORP","Equity","0.07","197.81","113,667.00","22,484,469.27","22,484,469.27","Industrials","US1729081059","NASDAQ","United States","USD"
"WDC","WESTERN DIGITAL CORP","Equity","0.07","58.54","383,337.00","22,440,547.98","22,440,547.98","Information Technology","US9581021055","NASDAQ","United States","USD"
"AAL","AMERICAN AIRLINES GROUP INC","Equity","0.07","41.33","539,241.00","22,286,830.53","22,286,830.53","Industrials","US02376R1023","NASDAQ","United States","USD"
"LLL","L3 TECHNOLOGIES INC","Equity","0.07","212.62","103,465.00","21,998,728.30","21,998,728.30","Industrials","US5024131071","New York Stock Exchange Inc.","United States","USD"
"CAH","CARDINAL HEALTH INC","Equity","0.07","54.00","406,571.00","21,954,834.00","21,954,834.00","Health Care","US14149Y1082","New York Stock Exchange Inc.","United States","USD"
"TSS","TOTAL SYSTEM SERVICES INC","Equity","0.07","98.74","220,803.00","21,802,088.22","21,802,088.22","Information Technology","US8919061098","New York Stock Exchange Inc.","United States","USD"
"NOV","NATIONAL OILWELL VARCO INC","Equity","0.07","43.08","505,828.00","21,791,070.24","21,791,070.24","Energy","US6370711011","New York Stock Exchange Inc.","United States","USD"
"SIVB","SVB FINANCIAL GROUP","Equity","0.07","310.83","70,094.00","21,787,318.02","21,787,318.02","Financials","US78486Q1013","NASDAQ","United States","USD"
"FAST","FASTENAL","Equity","0.07","58.02","375,374.00","21,779,199.48","21,779,199.48","Industrials","US3119001044","NASDAQ","United States","USD"
"RMD","RESMED INC","Equity","0.07","115.34","188,792.00","21,775,269.28","21,775,269.28","Health Care","US7611521078","New York Stock Exchange Inc.","United States","USD"
"O","REALTY INCOME REIT CORP","Equity","0.07","56.89","381,611.00","21,709,849.79","21,709,849.79","Real Estate","US7561091049","New York Stock Exchange Inc.","United States","USD"
"SWKS","SKYWORKS SOLUTIONS INC","Equity","0.07","90.71","237,610.00","21,553,603.10","21,553,603.10","Information Technology","US83088M1027","NASDAQ","United States","USD"
"HBAN","HUNTINGTON BANCSHARES INC","Equity","0.07","14.92","1,440,309.00","21,489,410.28","21,489,410.28","Financials","US4461501045","NASDAQ","United States","USD"
"GWW","WW GRAINGER INC","Equity","0.07","357.41","59,822.00","21,380,981.02","21,380,981.02","Industrials","US3848021040","New York Stock Exchange Inc.","United States","USD"
"NEM","NEWMONT MINING CORP","Equity","0.07","30.20","705,929.00","21,319,055.80","21,319,055.80","Materials","US6516391066","New York Stock Exchange Inc.","United States","USD"
"ESS","ESSEX PROPERTY TRUST REIT INC TRUS","Equity","0.07","246.71","86,194.00","21,264,921.74","21,264,921.74","Real Estate","US2971781057","New York Stock Exchange Inc.","United States","USD"
"WCG","WELLCARE HEALTHCARE PLANS INC","Equity","0.07","320.49","65,749.00","21,071,897.01","21,071,897.01","Health Care","US94946T1060","New York Stock Exchange Inc.","United States","USD"
"ULTA","ULTA BEAUTY INC","Equity","0.06","282.12","74,518.00","21,023,018.16","21,023,018.16","Consumer Discretionary","US90384S3031","NASDAQ","United States","USD"
"AWK","AMERICAN WATER WORKS INC","Equity","0.06","87.97","237,472.00","20,890,411.84","20,890,411.84","Utilities","US0304201033","New York Stock Exchange Inc.","United States","USD"
"MKC","MCCORMICK & CO NON-VOTING INC","Equity","0.06","131.75","158,404.00","20,869,727.00","20,869,727.00","Consumer Staples","US5797802064","New York Stock Exchange Inc.","United States","USD"
"RSG","REPUBLIC SERVICES INC","Equity","0.06","72.66","286,809.00","20,839,541.94","20,839,541.94","Industrials","US7607591002","New York Stock Exchange Inc.","United States","USD"
"MSCI","MSCI INC","Equity","0.06","177.41","117,162.00","20,785,710.42","20,785,710.42","Financials","US55354G1004","New York Stock Exchange Inc.","United States","USD"
"KLAC","KLA TENCOR CORP","Equity","0.06","101.71","203,457.00","20,693,611.47","20,693,611.47","Information Technology","US4824801009","NASDAQ","United States","USD"
"HST","HOST HOTELS & RESORTS REIT INC","Equity","0.06","21.10","980,635.00","20,691,398.50","20,691,398.50","Real Estate","US44107P1049","New York Stock Exchange Inc.","United States","USD"
"TTWO","TAKE TWO INTERACTIVE SOFTWARE INC","Equity","0.06","137.99","149,533.00","20,634,058.67","20,634,058.67","Information Technology","US8740541094","NASDAQ","United States","USD"
"ANSS","ANSYS INC","Equity","0.06","186.68","110,485.00","20,625,339.80","20,625,339.80","Information Technology","US03662Q1058","NASDAQ","United States","USD"
"EFX","EQUIFAX INC","Equity","0.06","130.57","156,939.00","20,491,525.23","20,491,525.23","Industrials","US2944291051","New York Stock Exchange Inc.","United States","USD"
"PFG","PRINCIPAL FINANCIAL GROUP INC","Equity","0.06","58.59","348,850.00","20,439,121.50","20,439,121.50","Financials","US74251V1026","NASDAQ","United States","USD"
"CMA","COMERICA INC","Equity","0.06","90.20","226,441.00","20,424,978.20","20,424,978.20","Financials","US2003401070","New York Stock Exchange Inc.","United States","USD"
"EXPE","EXPEDIA GROUP INC","Equity","0.06","130.48","156,416.00","20,409,159.68","20,409,159.68","Consumer Discretionary","US30212P3038","NASDAQ","United States","USD"
"BR","BROADRIDGE FINANCIAL SOLUTIONS INC","Equity","0.06","131.95","154,074.00","20,330,064.30","20,330,064.30","Information Technology","US11133T1034","New York Stock Exchange Inc.","United States","USD"
"OMC","OMNICOM GROUP INC","Equity","0.06","68.02","298,902.00","20,331,314.04","20,331,314.04","Consumer Discretionary","US6819191064","New York Stock Exchange Inc.","United States","USD"
"MTD","METTLER TOLEDO INC","Equity","0.06","608.98","33,075.00","20,142,013.50","20,142,013.50","Health Care","US5926881054","New York Stock Exchange Inc.","United States","USD"
"AEE","AMEREN CORP","Equity","0.06","63.22","318,198.00","20,116,477.56","20,116,477.56","Utilities","US0236081024","New York Stock Exchange Inc.","United States","USD"
"BLL","BALL CORP","Equity","0.06","43.99","455,856.00","20,053,105.44","20,053,105.44","Materials","US0584981064","New York Stock Exchange Inc.","United States","USD"
"NBL","NOBLE ENERGY INC","Equity","0.06","31.19","638,495.00","19,914,659.05","19,914,659.05","Energy","US6550441058","New York Stock Exchange Inc.","United States","USD"
"WAT","WATER CORP CORP","Equity","0.06","194.68","101,395.00","19,739,578.60","19,739,578.60","Health Care","US9418481035","New York Stock Exchange Inc.","United States","USD"
"EVRG","EVERGY INC","Equity","0.06","54.92","359,309.00","19,733,250.28","19,733,250.28","Utilities","US30034W1062","New York Stock Exchange Inc.","United States","USD"
"ABC","AMERISOURCEBERGEN CORP","Equity","0.06","92.22","211,316.00","19,487,561.52","19,487,561.52","Health Care","US03073E1055","New York Stock Exchange Inc.","United States","USD"
"DGX","QUEST DIAGNOSTICS INC","Equity","0.06","107.91","180,016.00","19,425,526.56","19,425,526.56","Health Care","US74834L1008","New York Stock Exchange Inc.","United States","USD"
"VMC","VULCAN MATERIALS","Equity","0.06","111.20","174,444.00","19,398,172.80","19,398,172.80","Materials","US9291601097","New York Stock Exchange Inc.","United States","USD"
"LNC","LINCOLN NATIONAL CORP","Equity","0.06","67.66","286,197.00","19,364,089.02","19,364,089.02","Financials","US5341871094","New York Stock Exchange Inc.","United States","USD"
"GPC","GENUINE PARTS","Equity","0.06","99.40","194,204.00","19,303,877.60","19,303,877.60","Consumer Discretionary","US3724601055","New York Stock Exchange Inc.","United States","USD"
"CHD","CHURCH AND DWIGHT INC","Equity","0.06","59.37","324,525.00","19,267,049.25","19,267,049.25","Consumer Staples","US1713401024","New York Stock Exchange Inc.","United States","USD"
"SNPS","SYNOPSYS INC","Equity","0.06","98.61","194,498.00","19,179,447.78","19,179,447.78","Information Technology","US8716071076","NASDAQ","United States","USD"
"TPR","TAPESTRY INC","Equity","0.06","50.27","381,242.00","19,165,035.34","19,165,035.34","Consumer Discretionary","US8760301072","New York Stock Exchange Inc.","United States","USD"
"ETR","ENTERGY CORP","Equity","0.06","81.13","236,015.00","19,147,896.95","19,147,896.95","Utilities","US29364G1031","New York Stock Exchange Inc.","United States","USD"
"DHI","D R HORTON INC","Equity","0.06","42.18","453,832.00","19,142,633.76","19,142,633.76","Consumer Discretionary","US23331A1097","New York Stock Exchange Inc.","United States","USD"
"IT","GARTNER INC","Equity","0.06","158.50","119,728.00","18,976,888.00","18,976,888.00","Information Technology","US3666511072","New York Stock Exchange Inc.","United States","USD"
"HSY","HERSHEY FOODS","Equity","0.06","102.00","184,636.00","18,832,872.00","18,832,872.00","Consumer Staples","US4278661081","New York Stock Exchange Inc.","United States","USD"
"MGM","MGM RESORTS INTERNATIONAL","Equity","0.06","27.91","672,321.00","18,764,479.11","18,764,479.11","Consumer Discretionary","US5529531015","New York Stock Exchange Inc.","United States","USD"
"XYL","XYLEM INC","Equity","0.06","79.87","234,821.00","18,755,153.27","18,755,153.27","Industrials","US98419M1009","New York Stock Exchange Inc.","United States","USD"
"CTXS","CITRIX SYSTEMS INC","Equity","0.06","111.16","167,951.00","18,669,433.16","18,669,433.16","Information Technology","US1773761002","NASDAQ","United States","USD"
"BHGE","BAKER HUGHES CLASS A","Equity","0.06","33.83","551,114.00","18,644,186.62","18,644,186.62","Energy","US05722G1004","New York Stock Exchange Inc.","United States","USD"
"TIF","TIFFANY","Equity","0.06","128.97","143,337.00","18,486,172.89","18,486,172.89","Consumer Discretionary","US8865471085","New York Stock Exchange Inc.","United States","USD"
"L","LOEWS CORP","Equity","0.06","50.23","365,847.00","18,376,494.81","18,376,494.81","Financials","US5404241086","New York Stock Exchange Inc.","United States","USD"
"CMS","CMS ENERGY CORP","Equity","0.06","49.00","374,725.00","18,361,525.00","18,361,525.00","Utilities","US1258961002","New York Stock Exchange Inc.","United States","USD"
"CBRE","CBRE GROUP INC CLASS A","Equity","0.06","44.10","415,775.00","18,335,677.50","18,335,677.50","Real Estate","US12504L1098","New York Stock Exchange Inc.","United States","USD"
"CA","CA INC","Equity","0.06","44.15","413,800.00","18,269,270.00","18,269,270.00","Information Technology","US12673P1057","NASDAQ","United States","USD"
"DRI","DARDEN RESTAURANTS INC","Equity","0.06","111.19","163,303.00","18,157,660.57","18,157,660.57","Consumer Discretionary","US2371941053","New York Stock Exchange Inc.","United States","USD"
"ANET","ARISTA NETWORKS INC","Equity","0.06","265.86","67,928.00","18,059,338.08","18,059,338.08","Information Technology","US0404131064","New York Stock Exchange Inc.","United States","USD"
"URI","UNITED RENTALS INC","Equity","0.06","163.60","110,312.00","18,047,043.20","18,047,043.20","Industrials","US9113631090","New York Stock Exchange Inc.","United States","USD"
"LEN","LENNAR A CORP","Equity","0.06","46.69","383,822.00","17,920,649.18","17,920,649.18","Consumer Discretionary","US5260571048","New York Stock Exchange Inc.","United States","USD"
"CNP","CENTERPOINT ENERGY INC","Equity","0.06","27.65","647,419.00","17,901,135.35","17,901,135.35","Utilities","US15189T1079","New York Stock Exchange Inc.","United States","USD"
"ETFC","E TRADE FINANCIAL CORP","Equity","0.06","52.39","341,654.00","17,899,253.06","17,899,253.06","Financials","US2692464017","NASDAQ","United States","USD"
"WRK","WESTROCK","Equity","0.06","53.44","334,576.00","17,879,741.44","17,879,741.44","Materials","US96145D1054","New York Stock Exchange Inc.","United States","USD"
"EMN","EASTMAN CHEMICAL","Equity","0.05","95.72","185,268.00","17,733,852.96","17,733,852.96","Materials","US2774321002","New York Stock Exchange Inc.","United States","USD"
"COO","COOPER INC","Equity","0.05","277.15","63,955.00","17,725,128.25","17,725,128.25","Health Care","US2166484020","New York Stock Exchange Inc.","United States","USD"
"CHRW","CH ROBINSON WORLDWIDE INC","Equity","0.05","97.92","180,937.00","17,717,351.04","17,717,351.04","Industrials","US12541W2098","NASDAQ","United States","USD"
"CAG","CONAGRA BRANDS INC","Equity","0.05","33.97","519,093.00","17,633,589.21","17,633,589.21","Consumer Staples","US2058871029","New York Stock Exchange Inc.","United States","USD"
"FTI","TECHNIPFMC PLC","Equity","0.05","31.25","564,089.00","17,627,781.25","17,627,781.25","Energy","GB00BDSFG982","New York Stock Exchange Inc.","United States","USD"
"AJG","ARTHUR J GALLAGHER","Equity","0.05","74.44","236,139.00","17,578,187.16","17,578,187.16","Financials","US3635761097","New York Stock Exchange Inc.","United States","USD"
"ARE","ALEXANDRIA REAL ESTATE EQUITIES RE","Equity","0.05","125.79","139,141.00","17,502,546.39","17,502,546.39","Real Estate","US0152711091","New York Stock Exchange Inc.","United States","USD"
"KMX","CARMAX INC","Equity","0.05","74.67","231,287.00","17,270,200.29","17,270,200.29","Consumer Discretionary","US1431301027","New York Stock Exchange Inc.","United States","USD"
"SYMC","SYMANTEC CORP","Equity","0.05","21.28","808,847.00","17,212,264.16","17,212,264.16","Information Technology","US8715031089","NASDAQ","United States","USD"
"DOV","DOVER CORP","Equity","0.05","88.53","194,336.00","17,204,566.08","17,204,566.08","Industrials","US2600031080","New York Stock Exchange Inc.","United States","USD"
"IFF","INTERNATIONAL FLAVORS & FRAGRANCES","Equity","0.05","139.12","122,740.00","17,075,588.80","17,075,588.80","Materials","US4595061015","New York Stock Exchange Inc.","United States","USD"
"HSIC","HENRY SCHEIN INC","Equity","0.05","85.03","199,473.00","16,961,189.19","16,961,189.19","Health Care","US8064071025","NASDAQ","United States","USD"
"CDNS","CADENCE DESIGN SYSTEMS INC","Equity","0.05","45.32","373,461.00","16,925,252.52","16,925,252.52","Information Technology","US1273871087","NASDAQ","United States","USD"
"EXPD","EXPEDITORS INTERNATIONAL OF WASHIN","Equity","0.05","73.53","228,225.00","16,781,384.25","16,781,384.25","Industrials","US3021301094","NASDAQ","United States","USD"
"VNO","VORNADO REALTY TRUST REIT TRUST","Equity","0.05","73.00","229,038.00","16,719,774.00","16,719,774.00","Real Estate","US9290421091","New York Stock Exchange Inc.","United States","USD"
"CF","CF INDUSTRIES HOLDINGS INC","Equity","0.05","54.44","305,044.00","16,606,595.36","16,606,595.36","Materials","US1252691001","New York Stock Exchange Inc.","United States","USD"
"AAP","ADVANCE AUTO PARTS INC","Equity","0.05","168.33","97,615.00","16,431,532.95","16,431,532.95","Consumer Discretionary","US00751Y1064","New York Stock Exchange Inc.","United States","USD"
"HCP","HCP REIT INC","Equity","0.05","26.32","623,656.00","16,414,625.92","16,414,625.92","Real Estate","US40414L1098","New York Stock Exchange Inc.","United States","USD"
"WYNN","WYNN RESORTS LTD","Equity","0.05","127.06","128,647.00","16,345,887.82","16,345,887.82","Consumer Discretionary","US9831341071","NASDAQ","United States","USD"
"KSS","KOHLS CORP","Equity","0.05","74.55","218,586.00","16,295,586.30","16,295,586.30","Consumer Discretionary","US5002551043","New York Stock Exchange Inc.","United States","USD"
"STX","SEAGATE TECHNOLOGY PLC","Equity","0.05","47.35","343,839.00","16,280,776.65","16,280,776.65","Information Technology","IE00B58JVZ52","NASDAQ","United States","USD"
"AKAM","AKAMAI TECHNOLOGIES INC","Equity","0.05","73.15","221,722.00","16,218,964.30","16,218,964.30","Information Technology","US00971T1016","NASDAQ","United States","USD"
"HAS","HASBRO INC","Equity","0.05","105.12","153,654.00","16,152,108.48","16,152,108.48","Consumer Discretionary","US4180561072","NASDAQ","United States","USD"
"INCY","INCYTE CORP","Equity","0.05","69.08","233,343.00","16,119,334.44","16,119,334.44","Health Care","US45337C1027","NASDAQ","United States","USD"
"RJF","RAYMOND JAMES INC","Equity","0.05","92.05","172,751.00","15,901,729.55","15,901,729.55","Financials","US7547301090","New York Stock Exchange Inc.","United States","USD"
"FFIV","F5 NETWORKS INC","Equity","0.05","199.42","79,253.00","15,804,633.26","15,804,633.26","Information Technology","US3156161024","NASDAQ","United States","USD"
"VIAB","VIACOM INC CLASS B","Equity","0.05","33.76","461,417.00","15,577,437.92","15,577,437.92","Consumer Discretionary","US92553P2011","NASDAQ","United States","USD"
"NCLH","NORWEGIAN CRUISE LINE HOLDINGS LTD","Equity","0.05","57.43","269,823.00","15,495,934.89","15,495,934.89","Consumer Discretionary","BMG667211046","New York Stock Exchange Inc.","United States","USD"
"EQT","EQT CORP","Equity","0.05","44.23","347,343.00","15,362,980.89","15,362,980.89","Energy","US26884L1098","New York Stock Exchange Inc.","United States","USD"
"CINF","CINCINNATI FINANCIAL CORP","Equity","0.05","76.81","199,023.00","15,286,956.63","15,286,956.63","Financials","US1720621010","NASDAQ","United States","USD"
"FMC","FMC CORP","Equity","0.05","87.18","175,202.00","15,274,110.36","15,274,110.36","Materials","US3024913036","New York Stock Exchange Inc.","United States","USD"
"SJM","JM SMUCKER","Equity","0.05","102.61","148,362.00","15,223,424.82","15,223,424.82","Consumer Staples","US8326964058","New York Stock Exchange Inc.","United States","USD"
"MOS","MOSAIC","Equity","0.05","32.48","468,626.00","15,220,972.48","15,220,972.48","Materials","US61945C1036","New York Stock Exchange Inc.","United States","USD"
"KSU","KANSAS CITY SOUTHERN","Equity","0.05","113.28","133,872.00","15,165,020.16","15,165,020.16","Industrials","US4851703029","New York Stock Exchange Inc.","United States","USD"
"TAP","MOLSON COORS BREWING CLASS B","Equity","0.05","61.50","246,266.00","15,145,359.00","15,145,359.00","Consumer Staples","US60871R2094","New York Stock Exchange Inc.","United States","USD"
"MLM","MARTIN MARIETTA MATERIALS INC","Equity","0.05","181.95","82,132.00","14,943,917.40","14,943,917.40","Materials","US5732841060","New York Stock Exchange Inc.","United States","USD"
"NRG","NRG ENERGY INC","Equity","0.05","37.40","399,478.00","14,940,477.20","14,940,477.20","Utilities","US6293775085","New York Stock Exchange Inc.","United States","USD"
"MAA","MID AMERICA APARTMENT COMMUNITIES","Equity","0.05","100.18","148,790.00","14,905,782.20","14,905,782.20","Real Estate","US59522J1034","New York Stock Exchange Inc.","United States","USD"
"HFC","HOLLYFRONTIER CORP","Equity","0.05","69.90","213,251.00","14,906,244.90","14,906,244.90","Energy","US4361061082","New York Stock Exchange Inc.","United States","USD"
"ADS","ALLIANCE DATA SYSTEMS CORP","Equity","0.05","236.16","62,929.00","14,861,312.64","14,861,312.64","Information Technology","US0185811082","New York Stock Exchange Inc.","United States","USD"
"HII","HUNTINGTON INGALLS INDUSTRIES INC","Equity","0.05","256.08","57,922.00","14,832,665.76","14,832,665.76","Industrials","US4464131063","New York Stock Exchange Inc.","United States","USD"
"MAS","MASCO CORP","Equity","0.05","36.60","404,362.00","14,799,649.20","14,799,649.20","Industrials","US5745991068","New York Stock Exchange Inc.","United States","USD"
"HOLX","HOLOGIC INC","Equity","0.04","40.98","355,211.00","14,556,546.78","14,556,546.78","Health Care","US4364401012","NASDAQ","United States","USD"
"PVH","PVH CORP","Equity","0.04","144.40","100,774.00","14,551,765.60","14,551,765.60","Consumer Discretionary","US6936561009","New York Stock Exchange Inc.","United States","USD"
"TSCO","TRACTOR SUPPLY","Equity","0.04","90.88","160,061.00","14,546,343.68","14,546,343.68","Consumer Discretionary","US8923561067","NASDAQ","United States","USD"
"UHS","UNIVERSAL HEALTH SERVICES INC CLAS","Equity","0.04","127.84","113,717.00","14,537,581.28","14,537,581.28","Health Care","US9139031002","New York Stock Exchange Inc.","United States","USD"
"MHK","MOHAWK INDUSTRIES INC","Equity","0.04","175.35","82,702.00","14,501,795.70","14,501,795.70","Consumer Discretionary","US6081901042","New York Stock Exchange Inc.","United States","USD"
"CMG","CHIPOTLE MEXICAN GRILL INC","Equity","0.04","454.52","31,911.00","14,504,187.72","14,504,187.72","Consumer Discretionary","US1696561059","New York Stock Exchange Inc.","United States","USD"
"REG","REGENCY CENTERS REIT CORP","Equity","0.04","64.67","222,927.00","14,416,689.09","14,416,689.09","Real Estate","US7588491032","New York Stock Exchange Inc.","United States","USD"
"ALB","ALBEMARLE CORP","Equity","0.04","99.78","143,612.00","14,329,605.36","14,329,605.36","Materials","US0126531013","New York Stock Exchange Inc.","United States","USD"
"EXR","EXTRA SPACE STORAGE REIT INC","Equity","0.04","86.64","164,503.00","14,252,539.92","14,252,539.92","Real Estate","US30225T1025","New York Stock Exchange Inc.","United States","USD"
"HRL","HORMEL FOODS CORP","Equity","0.04","39.40","358,282.00","14,116,310.80","14,116,310.80","Consumer Staples","US4404521001","New York Stock Exchange Inc.","United States","USD"
"UDR","UDR REIT INC","Equity","0.04","40.43","348,915.00","14,106,633.45","14,106,633.45","Real Estate","US9026531049","New York Stock Exchange Inc.","United States","USD"
"PKI","PERKINELMER INC","Equity","0.04","97.27","144,743.00","14,079,151.61","14,079,151.61","Health Care","US7140461093","New York Stock Exchange Inc.","United States","USD"
"CBOE","CBOE GLOBAL MARKETS INC","Equity","0.04","95.96","146,422.00","14,050,655.12","14,050,655.12","Financials","US12503M1080","Cboe BZX formerly known as BATS","United States","USD"
"DISCK","DISCOVERY INC SERIES C","Equity","0.04","29.58","473,213.00","13,997,640.54","13,997,640.54","Consumer Discretionary","US25470F3029","NASDAQ","United States","USD"
"M","MACYS INC","Equity","0.04","34.73","399,914.00","13,889,013.22","13,889,013.22","Consumer Discretionary","US55616P1049","New York Stock Exchange Inc.","United States","USD"
"CPRT","COPART INC","Equity","0.04","51.53","269,327.00","13,878,420.31","13,878,420.31","Industrials","US2172041061","NASDAQ","United States","USD"
"NKTR","NEKTAR THERAPEUTICS","Equity","0.04","60.96","226,919.00","13,832,982.24","13,832,982.24","Health Care","US6402681083","NASDAQ","United States","USD"
"JBHT","JB HUNT TRANSPORT SERVICES INC","Equity","0.04","118.94","115,268.00","13,709,975.92","13,709,975.92","Industrials","US4456581077","NASDAQ","United States","USD"
"JNPR","JUNIPER NETWORKS INC","Equity","0.04","29.97","456,552.00","13,682,863.44","13,682,863.44","Information Technology","US48203R1041","New York Stock Exchange Inc.","United States","USD"
"PKG","PACKAGING CORP OF AMERICA CORP","Equity","0.04","109.69","123,745.00","13,573,589.05","13,573,589.05","Materials","US6951561090","New York Stock Exchange Inc.","United States","USD"
"SNA","SNAP ON INC","Equity","0.04","183.60","73,801.00","13,549,863.60","13,549,863.60","Industrials","US8330341012","New York Stock Exchange Inc.","United States","USD"
"VAR","VARIAN MEDICAL SYSTEMS INC","Equity","0.04","111.93","120,184.00","13,452,195.12","13,452,195.12","Health Care","US92220P1057","New York Stock Exchange Inc.","United States","USD"
"KORS","MICHAEL KORS HOLDINGS LTD","Equity","0.04","68.56","195,537.00","13,406,016.72","13,406,016.72","Consumer Discretionary","VGG607541015","New York Stock Exchange Inc.","United States","USD"
"LKQ","LKQ CORP","Equity","0.04","31.67","418,501.00","13,253,926.67","13,253,926.67","Consumer Discretionary","US5018892084","NASDAQ","United States","USD"
"COG","CABOT OIL & GAS CORP","Equity","0.04","22.52","587,872.00","13,238,877.44","13,238,877.44","Energy","US1270971039","New York Stock Exchange Inc.","United States","USD"
"LNT","ALLIANT ENERGY CORP","Equity","0.04","42.57","310,165.00","13,203,724.05","13,203,724.05","Utilities","US0188021085","New York Stock Exchange Inc.","United States","USD"
"DRE","DUKE REALTY REIT CORP","Equity","0.04","28.37","463,832.00","13,158,913.84","13,158,913.84","Real Estate","US2644115055","New York Stock Exchange Inc.","United States","USD"
"NDAQ","NASDAQ INC","Equity","0.04","85.80","152,571.00","13,090,591.80","13,090,591.80","Financials","US6311031081","NASDAQ","United States","USD"
"IRM","IRON MOUNTAIN INC","Equity","0.04","34.52","376,472.00","12,995,813.44","12,995,813.44","Real Estate","US46284V1017","New York Stock Exchange Inc.","United States","USD"
"NLSN","NIELSEN HOLDINGS PLC","Equity","0.04","27.66","468,686.00","12,963,854.76","12,963,854.76","Industrials","GB00BWFY5505","New York Stock Exchange Inc.","United States","USD"
"ZION","ZIONS BANCORPORATION","Equity","0.04","50.15","255,965.00","12,836,644.75","12,836,644.75","Financials","US9897011071","NASDAQ","United States","USD"
"QRVO","QUORVO INC","Equity","0.04","76.89","164,040.00","12,613,035.60","12,613,035.60","Information Technology","US74736K1016","NASDAQ","United States","USD"
"ARNC","ARCONIC INC","Equity","0.04","22.01","565,526.00","12,447,227.26","12,447,227.26","Industrials","US03965L1008","New York Stock Exchange Inc.","United States","USD"
"AVY","AVERY DENNISON CORP","Equity","0.04","108.35","114,694.00","12,427,094.90","12,427,094.90","Materials","US0536111091","New York Stock Exchange Inc.","United States","USD"
"IVZ","INVESCO LTD","Equity","0.04","22.88","535,505.00","12,252,354.40","12,252,354.40","Financials","BMG491BT1088","New York Stock Exchange Inc.","United States","USD"
"BEN","FRANKLIN RESOURCES INC","Equity","0.04","30.41","402,199.00","12,230,871.59","12,230,871.59","Financials","US3546131018","New York Stock Exchange Inc.","United States","USD"
"RE","EVEREST RE GROUP LTD","Equity","0.04","228.47","53,526.00","12,229,085.22","12,229,085.22","Financials","BMG3223R1088","New York Stock Exchange Inc.","United States","USD"
"FRT","FEDERAL REALTY INVESTMENT TRUST RE","Equity","0.04","126.47","95,997.00","12,140,740.59","12,140,740.59","Real Estate","US3137472060","New York Stock Exchange Inc.","United States","USD"
"AES","AES CORP","Equity","0.04","14.00","862,941.00","12,081,174.00","12,081,174.00","Utilities","US00130H1059","New York Stock Exchange Inc.","United States","USD"
"TMK","TORCHMARK CORP","Equity","0.04","86.69","138,688.00","12,022,862.72","12,022,862.72","Financials","US8910271043","New York Stock Exchange Inc.","United States","USD"
"DVA","DAVITA INC","Equity","0.04","71.63","166,891.00","11,954,402.33","11,954,402.33","Health Care","US23918K1088","New York Stock Exchange Inc.","United States","USD"
"PRGO","PERRIGO PLC","Equity","0.04","70.80","168,815.00","11,952,102.00","11,952,102.00","Health Care","IE00BGH1M568","New York Stock Exchange Inc.","United States","USD"
"JEC","JACOBS ENGINEERING GROUP INC","Equity","0.04","76.50","156,015.00","11,935,147.50","11,935,147.50","Industrials","US4698141078","New York Stock Exchange Inc.","United States","USD"
"NI","NISOURCE INC","Equity","0.04","24.92","477,649.00","11,903,013.08","11,903,013.08","Utilities","US65473P1057","New York Stock Exchange Inc.","United States","USD"
"BWA","BORGWARNER INC","Equity","0.04","42.78","274,804.00","11,756,115.12","11,756,115.12","Consumer Discretionary","US0997241064","New York Stock Exchange Inc.","United States","USD"
"IPG","INTERPUBLIC GROUP OF COMPANIES INC","Equity","0.04","22.87","510,264.00","11,669,737.68","11,669,737.68","Consumer Discretionary","US4606901001","New York Stock Exchange Inc.","United States","USD"
"XEC","CIMAREX ENERGY","Equity","0.04","92.94","125,073.00","11,624,284.62","11,624,284.62","Energy","US1717981013","New York Stock Exchange Inc.","United States","USD"
"NWL","NEWELL BRANDS INC","Equity","0.04","20.30","571,926.00","11,610,097.80","11,610,097.80","Consumer Discretionary","US6512291062","New York Stock Exchange Inc.","United States","USD"
"PNW","PINNACLE WEST CORP","Equity","0.04","79.18","146,333.00","11,586,646.94","11,586,646.94","Utilities","US7234841010","New York Stock Exchange Inc.","United States","USD"
"RHI","ROBERT HALF","Equity","0.04","70.38","164,244.00","11,559,492.72","11,559,492.72","Industrials","US7703231032","New York Stock Exchange Inc.","United States","USD"
"WU","WESTERN UNION","Equity","0.04","19.06","599,672.00","11,429,748.32","11,429,748.32","Information Technology","US9598021098","New York Stock Exchange Inc.","United States","USD"
"UNM","UNUM","Equity","0.04","39.07","290,175.00","11,337,137.25","11,337,137.25","Financials","US91529Y1064","New York Stock Exchange Inc.","United States","USD"
"SLG","SL GREEN REALTY REIT CORP","Equity","0.03","97.53","116,080.00","11,321,282.40","11,321,282.40","Real Estate","US78440X1019","New York Stock Exchange Inc.","United States","USD"
"ALK","ALASKA AIR GROUP INC","Equity","0.03","68.86","163,518.00","11,259,849.48","11,259,849.48","Industrials","US0116591092","New York Stock Exchange Inc.","United States","USD"
"BFB","BROWN FORMAN CORP CLASS B","Equity","0.03","50.55","221,745.00","11,209,209.75","11,209,209.75","Consumer Staples","US1156372096","New York Stock Exchange Inc.","United States","USD"
"XRAY","DENTSPLY SIRONA INC","Equity","0.03","37.74","296,750.00","11,199,345.00","11,199,345.00","Health Care","US24906P1093","NASDAQ","United States","USD"
"ALLE","ALLEGION PLC","Equity","0.03","90.57","123,210.00","11,159,129.70","11,159,129.70","Industrials","IE00BFRT3W74","New York Stock Exchange Inc.","United States","USD"
"GRMN","GARMIN LTD","Equity","0.03","70.05","158,977.00","11,136,338.85","11,136,338.85","Consumer Discretionary","CH0114405324","NASDAQ","United States","USD"
"FLIR","FLIR SYSTEMS INC","Equity","0.03","61.47","178,320.00","10,961,330.40","10,961,330.40","Information Technology","US3024451011","NASDAQ","United States","USD"
"DISH","DISH NETWORK CORP CLASS A","Equity","0.03","35.76","299,449.00","10,708,296.24","10,708,296.24","Consumer Discretionary","US25470M1099","NASDAQ","United States","USD"
"FLR","FLUOR CORP","Equity","0.03","58.10","183,071.00","10,636,425.10","10,636,425.10","Industrials","US3434121022","New York Stock Exchange Inc.","United States","USD"
"RL","RALPH LAUREN CORP CLASS A","Equity","0.03","137.55","72,653.00","9,993,420.15","9,993,420.15","Consumer Discretionary","US7512121010","New York Stock Exchange Inc.","United States","USD"
"AOS","A O SMITH CORP","Equity","0.03","53.37","187,232.00","9,992,571.84","9,992,571.84","Industrials","US8318652091","New York Stock Exchange Inc.","United States","USD"
"WHR","WHIRLPOOL CORP","Equity","0.03","118.75","84,091.00","9,985,806.25","9,985,806.25","Consumer Discretionary","US9633201069","New York Stock Exchange Inc.","United States","USD"
"HOG","HARLEY DAVIDSON INC","Equity","0.03","45.30","220,242.00","9,976,962.60","9,976,962.60","Consumer Discretionary","US4128221086","New York Stock Exchange Inc.","United States","USD"
"FBHS","FORTUNE BRANDS HOME AND SECURITY I","Equity","0.03","52.36","190,040.00","9,950,494.40","9,950,494.40","Industrials","US34964C1062","New York Stock Exchange Inc.","United States","USD"
"HP","HELMERICH & PAYNE INC","Equity","0.03","68.77","140,560.00","9,666,311.20","9,666,311.20","Energy","US4234521015","New York Stock Exchange Inc.","United States","USD"
"AMG","AFFILIATED MANAGERS GROUP INC","Equity","0.03","136.72","70,600.00","9,652,432.00","9,652,432.00","Financials","US0082521081","New York Stock Exchange Inc.","United States","USD"
"FLS","FLOWSERVE CORP","Equity","0.03","54.69","174,171.00","9,525,411.99","9,525,411.99","Industrials","US34354P1057","New York Stock Exchange Inc.","United States","USD"
"PNR","PENTAIR","Equity","0.03","43.35","213,969.00","9,275,556.15","9,275,556.15","Industrials","IE00BLS09M33","New York Stock Exchange Inc.","United States","USD"
"JWN","NORDSTROM INC","Equity","0.03","59.81","153,487.00","9,180,057.47","9,180,057.47","Consumer Discretionary","US6556641008","New York Stock Exchange Inc.","United States","USD"
"CPB","CAMPBELL SOUP","Equity","0.03","36.63","249,795.00","9,149,990.85","9,149,990.85","Consumer Staples","US1344291091","New York Stock Exchange Inc.","United States","USD"
"LB","L BRANDS INC","Equity","0.03","30.30","300,378.00","9,101,453.40","9,101,453.40","Consumer Discretionary","US5017971046","New York Stock Exchange Inc.","United States","USD"
"KIM","KIMCO REALTY REIT CORP","Equity","0.03","16.46","548,762.00","9,032,622.52","9,032,622.52","Real Estate","US49446R1095","New York Stock Exchange Inc.","United States","USD"
"AIV","APARTMENT INVESTMENT AND MANAGEMEN","Equity","0.03","44.13","204,658.00","9,031,557.54","9,031,557.54","Real Estate","US03748R1014","New York Stock Exchange Inc.","United States","USD"
"HBI","HANESBRANDS INC","Equity","0.03","18.43","468,436.00","8,633,275.48","8,633,275.48","Consumer Discretionary","US4103451021","New York Stock Exchange Inc.","United States","USD"
"PHM","PULTEGROUP INC","Equity","0.03","24.77","348,550.00","8,633,583.50","8,633,583.50","Consumer Discretionary","US7458671010","New York Stock Exchange Inc.","United States","USD"
"SEE","SEALED AIR CORP","Equity","0.03","40.15","215,025.00","8,633,253.75","8,633,253.75","Materials","US81211K1007","New York Stock Exchange Inc.","United States","USD"
"JEF","JEFFERIES FINANCIAL GROUP INC","Equity","0.03","21.96","381,553.00","8,378,903.88","8,378,903.88","Financials","US47233W1099","New York Stock Exchange Inc.","United States","USD"
"GPS","GAP INC","Equity","0.03","28.85","281,966.00","8,134,719.10","8,134,719.10","Consumer Discretionary","US3647601083","New York Stock Exchange Inc.","United States","USD"
"XRX","XEROX CORP","Equity","0.02","26.98","292,004.00","7,878,267.92","7,878,267.92","Information Technology","US9841216081","New York Stock Exchange Inc.","United States","USD"
"FL","FOOT LOCKER INC","Equity","0.02","50.98","154,329.00","7,867,692.42","7,867,692.42","Consumer Discretionary","US3448491049","New York Stock Exchange Inc.","United States","USD"
"MAC","MACERICH REIT","Equity","0.02","55.29","142,009.00","7,851,677.61","7,851,677.61","Real Estate","US5543821012","New York Stock Exchange Inc.","United States","USD"
"ROL","ROLLINS INC","Equity","0.02","60.69","129,128.00","7,836,778.32","7,836,778.32","Industrials","US7757111049","New York Stock Exchange Inc.","United States","USD"
"COTY","COTY INC CLASS A","Equity","0.02","12.56","611,925.00","7,685,778.00","7,685,778.00","Consumer Staples","US2220702037","New York Stock Exchange Inc.","United States","USD"
"PBCT","PEOPLES UNITED FINANCIAL INC","Equity","0.02","17.12","448,404.00","7,676,676.48","7,676,676.48","Financials","US7127041058","NASDAQ","United States","USD"
"IPGP","IPG PHOTONICS CORP","Equity","0.02","156.07","49,091.00","7,661,632.37","7,661,632.37","Information Technology","US44980X1090","NASDAQ","United States","USD"
"GT","GOODYEAR TIRE & RUBBER","Equity","0.02","23.39","321,457.00","7,518,879.23","7,518,879.23","Consumer Discretionary","US3825501014","NASDAQ","United States","USD"
"NFX","NEWFIELD EXPLORATION","Equity","0.02","28.83","260,763.00","7,517,797.29","7,517,797.29","Energy","US6512901082","New York Stock Exchange Inc.","United States","USD"
"LEG","LEGGETT & PLATT INC","Equity","0.02","43.79","169,715.00","7,431,819.85","7,431,819.85","Consumer Discretionary","US5246601075","New York Stock Exchange Inc.","United States","USD"
"AIZ","ASSURANT INC","Equity","0.02","107.95","68,069.00","7,348,048.55","7,348,048.55","Financials","US04621X1081","New York Stock Exchange Inc.","United States","USD"
"SCG","SCANA CORP","Equity","0.02","38.89","186,133.00","7,238,712.37","7,238,712.37","Utilities","US80589M1027","New York Stock Exchange Inc.","United States","USD"
"EVHC","ENVISION HEALTHCARE CORP","Equity","0.02","45.73","156,025.00","7,135,023.25","7,135,023.25","Health Care","US29414D1000","New York Stock Exchange Inc.","United States","USD"
"MAT","MATTEL INC","Equity","0.02","15.70","441,765.00","6,935,710.50","6,935,710.50","Consumer Discretionary","US5770811025","NASDAQ","United States","USD"
"BHF","BRIGHTHOUSE FINANCIAL INC","Equity","0.02","44.24","156,339.00","6,916,437.36","6,916,437.36","Financials","US10922N1037","NASDAQ","United States","USD"
"HRB","H&R BLOCK INC","Equity","0.02","25.75","268,141.00","6,904,630.75","6,904,630.75","Consumer Discretionary","US0936711052","New York Stock Exchange Inc.","United States","USD"
"TRIP","TRIPADVISOR INC","Equity","0.02","51.07","134,582.00","6,873,102.74","6,873,102.74","Consumer Discretionary","US8969452015","NASDAQ","United States","USD"
"PWR","QUANTA SERVICES INC","Equity","0.02","33.38","199,236.00","6,650,497.68","6,650,497.68","Industrials","US74762E1029","New York Stock Exchange Inc.","United States","USD"
"NWSA","NEWS CORP CLASS A","Equity","0.02","13.19","496,533.00","6,549,270.27","6,549,270.27","Consumer Discretionary","US65249B1098","NASDAQ","United States","USD"
"SRCL","STERICYCLE INC","Equity","0.02","58.68","110,938.00","6,509,841.84","6,509,841.84","Industrials","US8589121081","NASDAQ","United States","USD"
"DISCA","DISCOVERY INC SERIES A","Equity","0.02","32.00","202,849.00","6,491,168.00","6,491,168.00","Consumer Discretionary","US25470F1049","NASDAQ","United States","USD"
"UAA","UNDER ARMOUR INC CLASS A","Equity","0.02","21.22","237,670.00","5,043,357.40","5,043,357.40","Consumer Discretionary","US9043111072","New York Stock Exchange Inc.","United States","USD"
"UA","UNDER ARMOUR INC CLASS C","Equity","0.01","19.46","244,705.00","4,761,959.30","4,761,959.30","Consumer Discretionary","US9043112062","New York Stock Exchange Inc.","United States","USD"
"CSSE","CASH COLLATERAL USD CSFBI","Cash Collateral and Margins","0.01","100.00","2,260,288.00","2,263,497.61","2,263,497.61","Cash and/or Derivatives","-","-","United States","USD"
"NWS","NEWS CORP CLASS B","Equity","0.01","13.60","149,747.00","2,036,559.20","2,036,559.20","Consumer Discretionary","US65249B2088","NASDAQ","United States","USD"
"GBP","GBP CASH","Cash","0.00","130.41","421,694.00","549,909.60","549,909.60","Cash and/or Derivatives","-","-","United Kingdom","GBP"
"ESZ8","S&P500 EMINI DEC 18","Futures","0.00","2,919.00","339.00","0.00","49,477,050.00","Cash and/or Derivatives","-","Index And Options Market","-","USD"
 